:020000040800F2
:10000000E8AD0020850D0008590B00085B0B0008C7
:100010005F0B0008630B0008670B0008000000007E
:100020000000000000000000000000006B0B000852
:100030006D0B0008000000006F0B0008710B00083A
:100040009F0D00089F0D00089F0D00089F0D0008E0
:100050009F0D00089F0D00089F0D00089F0D0008D0
:100060009F0D00089F0D00089F0D00089F0D0008C0
:100070009F0D00089F0D00089F0D00089F0D0008B0
:100080009F0D00089F0D0008CB0900089F0D000878
:100090009F0D00089F0D00089F0D00089F0D000890
:1000A0009F0D0008E94400089F0D00089F0D0008FF
:1000B0009F0D00089F0D0008974300089F0D000842
:1000C0009F0D00089F0D00089F0D00089F0D000860
:1000D0009F0D00089F0D00089F0D00089F0D000850
:1000E0009F0D00089F0D00089F0D00089F0D000840
:1000F0009F0D00089F0D00089F0D00089F0D000830
:100100009F0D00089F0D00089F0D00089F0D00081F
:100110009F0D00089F0D00089F0D0008B3440008C4
:10012000CF3F0008EF3F00089F0D00089F0D00081B
:100130009F0D00089F0D00089F0D00089F0D0008EF
:100140009F0D00089F0D00089F0D00089F0D0008DF
:100150009F0D00089F0D00089F0D00089F0D0008CF
:100160009F0D00089F0D00089F0D00089F0D0008BF
:100170009F0D00089F0D00089F0D00089F0D0008AF
:100180009F0D00089F0D0008DFF810D009F054FD06
:100190000048004703080008AFF30080E8AD0020E6
:1001A0000A460021DBE0D30B002B75D0102971D259
:1001B000DFE801F0080F161D242B323940464C525F
:1001C000585E646A038823F4004303F50043038008
:1001D00060E0038823F4804303F58043038059E003
:1001E000038823F4005303F50053038052E003888F
:1001F00023F4805303F5805303804BE0038823F4FA
:10020000006303F50063038044E0038823F4806304
:1002100003F5806303803DE0038823F4007303F556
:100220000073038036E0038823F4807303F5807342
:1002300003802FE0038823F080038033038029E0CC
:10024000038823F040034033038023E0038823F036
:100250002003203303801DE0038823F010031033B4
:10026000038017E0038823F008030833038011E0BC
:10027000038823F004031B1D03800BE0038823F095
:1002800002039B1C038005E0038823F001035B1C31
:10029000038000BF5DE0FFE7102959D2DFE801F0DD
:1002A000080D12171C21262B30353A3F44494E5376
:1002B000038823F4004303804AE0038823F4804347
:1002C000038045E0038823F40053038040E0038863
:1002D00023F4805303803BE0038823F4006303800E
:1002E00036E0038823F48063038031E0038823F43D
:1002F000007303802CE0038823F48073038027E0DD
:10030000038823F08003038022E0038823F0400366
:1003100003801DE0038823F02003038018E0038896
:1003200023F01003038013E0038823F00803038005
:100330000EE0038823F00403038009E0038823F020
:100340000203038004E0038823F00103038000BF5D
:1003500000BF4FF6FF7303EA42024B1CD9B21029CB
:10036000FFF621AF7047F0B51C460026002501239B
:10037000C1F11007974202DAC1F11007FAB20E4636
:10038000002E0CDD05E0EF18BDB24FF6FF7707EA4F
:100390004303371EA6F1010C0CF0FF06F3D1D0F891
:1003A00014C04FF6FF7797408F402F430CEA070C9D
:1003B000C0F814C0476904FA01FC47EA0C0747611A
:1003C000F0BD10B56FF0040000F040FD1520394974
:1003D00008700846007800EB4001C1EBC0104FF6F2
:1003E000FF7101EAC0003449088010BD0146314A5E
:1003F00012784A434FF0E0235A6100229A611A466C
:10040000126942F001021A6100BF4FF0E022106948
:1004100000F001021AB100F48032002AF5D04FF04A
:10042000E022126922F001024FF0E0231A6100225B
:100430009A6170470146204A12884A434FF0E023F0
:100440005A6100229A611A46126942F001021A6149
:1004500000BF4FF0E022106900F001021AB100F471
:100460008032002AF5D04FF0E022126922F001021A
:100470004FF0E0231A6100229A61704770B504467C
:100480004FF4077094FBF0F0C6B24FF4077094FB82
:10049000F0F100FB114085B205E04FF40770FFF763
:1004A000C9FF701EC6B2002EF7D115B12846FFF75E
:1004B000C1FF70BD000000200200002010B5024600
:1004C0000B464FF0FF3108E012F8010B4840C0B274
:1004D000FD4C54F8200080EA1121181EA3F10103FD
:1004E000F2D1C84310BD9FEDF90AF94880ED000A2A
:1004F0009FEDF60AF74880ED000A9FEDF40AF648F2
:1005000080ED000A9FEDF10AF44880ED000A704783
:1005100010B504462C220021204605F066FA002082
:1005200010BD70B504462C220021204605F081F94B
:10053000A06A401C10B94FF0FF3070BD2821204642
:10054000FFF7BCFF0546A06AA84201D10020F4E7EE
:100550004FF0FF30F1E710B52DED088BB0EE408A7B
:10056000002008EE900A18EE100A09F039F941EC63
:100570001B0B9FEDDB0B53EC102B08F06CFF41ECD9
:100580001A0B9FEDD90B53EC102B09F07DF841ECC1
:10059000190B09F006F900EB800008EE900AB8EE9E
:1005A000E80ABDEC088B10BDB0EE401AB4EEE01ABC
:1005B000F1EE10FA02DD31EE600A704730EEC10A4A
:1005C000FBE71CB502220021C94805F00EFAC84815
:1005D00043780278C7A1CC4809F046FDC4480078AA
:1005E000401CC349087008464078401C48704FF6CC
:1005F000FF708C23EB2278210090052004F096FEFA
:100600004FF6FF701F21C04B1022CDE9001078215A
:100610000A2004F071FF1CBD1CB502220021BB485A
:1006200005F007F9B94843780278B9A1B64809F04E
:100630001BFD4FF6FF70A023EB228C2100900520BC
:1006400004F074FE4FF6FF701F21AF4B1022CDE96E
:1006500000108C210A2004F04FFF1CBD00B52DEDC9
:10066000068B83B04FF6FF704FF47841ADA3102294
:10067000CDE900100A21084604F03EFFAE49088883
:1006800009F082F841EC1A0B9FEDAC0B53EC102BE8
:1006900008F088FF41EC190B9FEDAA0B53EC102BCF
:1006A00008F0F2FF41EC180B53EC182BA7A1964869
:1006B00009F0DAFC944B10220A21962004F0FCFE8B
:1006C0004FF6FF704FF47841A2A31022CDE900103D
:1006D0001E210A2004F010FFA349088809F054F8ED
:1006E00041EC1A0B9FED950B53EC102B08F05AFFC1
:1006F00041EC190B9FED930B53EC102B08F0C4FF4A
:1007000041EC180B53EC182B90A17F4809F0ACFC7E
:100710007D4B10221E21962004F0CEFE03B0BDECCE
:10072000068B00BD00B58BB0012005F008FA8F489C
:100730000078012841D18EA009F086FC904800681D
:1007400008B9012000E000208D4908608D4800783C
:100750008DF800008C4890ED000A8DED010A90EDB7
:10076000010A8DED020A90ED020A8DED030A874819
:1007700090ED000A8DED040A90ED010A8DED050A59
:1007800090ED020A8DED060A90ED030A8DED070A41
:1007900090ED040A8DED080A90ED050A8DED090A29
:1007A00028216846FFF78AFE0A906846FFF7B0FEE8
:1007B00010B977A009F048FC20E06C4800780228C6
:1007C0000AD16F48001D006808B9012000E0002030
:1007D0006B49091D086011E064480078032808D1BE
:1007E0006748006808B9012000E0002064490860FB
:1007F00004E05E480078042800D000BF0BB000BDC4
:1008000070478CB0FFF7DDFD4FF4E13003F0D9FE07
:1008100003F01EFC05F070F906F098FD05F04CF9A8
:1008200004F054FF03F056FA03F0BFFA50210220FF
:1008300003F006FD45F208210A2003F05BFD03F0FA
:1008400017FB04F085FB9FED590A532140F2E73076
:1008500006F012FD06F05DFE002004F018F805F029
:10086000EDF905F0D6FB01A8FFF75BFE50BB9DF844
:100870000400444908709DED020A434880ED000AD7
:100880009DED030A80ED010A9DED040A80ED020A48
:100890009DED050A3D4880ED000A9DED060A80EDBC
:1008A000010A9DED070A80ED020A9DED080A80ED20
:1008B000030A9DED090A80ED040A9DED0A0A80ED08
:1008C000050A75E078E00000C0C3000800000000E1
:1008D00004000020080000200C0000201000002070
:1008E0000000000000000440000000000000144070
:1008F0005C000020666C6173685F57726974653ACA
:100900002564202564000000284100205E000020AE
:10091000666C6173685F526561643A256420256482
:1009200000000000414443315F57415645435F5644
:10093000616C75653A2000002801002052B81E85C0
:10094000EB510A400000000000FEAF40252E326649
:1009500020560000414443335F57415645435F569C
:10096000616C75653A20000028210020600000209D
:100970004B45593120507265737365647E0A0000DF
:100980009C824042FC000020A85F00200001002063
:10099000B2CECAFDD2D1B3C9B9A6B1A3B4E6B5BD32
:1009A000573235515858210D0A000000CDCCCC3EAD
:1009B00050A009F049FB02E054A009F045FB03E018
:1009C000FFF7B0FE06F0EDF9FAE710B52DED028B5A
:1009D00040F20521564800F0E5FF002871D040F2B2
:1009E0000521534800F0F1FF514800F0EAFE00EE07
:1009F000100AB8EE400AF0EE408A9FED4E0A28EE4B
:100A0000800ADFED4D0A80EE201AF0EE418A4B4855
:100A100090ED000A20EE280AD0ED010A484890ED3A
:100A2000001A00EE810A4548D0ED020A454890EDD3
:100A3000001A00EE810A4148D0ED040A424890EDC8
:100A4000001A00EEC10A3D48D0ED050A3F4890ED7E
:100A5000001A00EEC10AB0EE408A394890ED000A53
:100A6000384880ED000A3648C0ED008A364890EDDF
:100A7000000A364880ED000A334880ED008A9FED79
:100A80002E0A28EE000ADFED2B0A80EE201AB0EEC7
:100A9000418A2F480078022803D02D480078032887
:100AA00005D19FED2C0A38EE000AB0EE408AB5EE73
:100AB000C08AF1EE10FA05D21FED7C0AB0EE408A32
:100AC0000BE013E09FED1C0AB4EEC08AF1EE10FAC1
:100AD00003DD9FED190AB0EE408ABCEEC80A10EEA5
:100AE000100A81B2002000F0EBFF00BFBDEC028BCA
:100AF00010BD0000B4D3573235515858BCD3D4D8A8
:100B0000B2CECAFDB3C9B9A6210D0A00573235517C
:100B10005858D6D0CEDED3D0D0A7B2CECAFDA3AC23
:100B2000CAB9D3C3C4ACC8CFD6B5A1A30D0A0000BF
:100B3000002201403333534000F07F450001002084
:100B400004000020080000200C00002010000020FD
:100B5000FC00002000C0E844704700BFFEE700BF73
:100B6000FEE700BFFEE700BFFEE770477047704733
:100B7000704700000CB50020019000907648006896
:100B800040F480307449086000BF7348006800F486
:100B9000003000900198401C0190009818B901980D
:100BA000B0F5A04FF1D16C48006800F4003010B1EE
:100BB0000120009001E0002000900098012846D11B
:100BC00065484030006840F080506349403108601B
:100BD0006248006840F44040604908605E48083060
:100BE00000685D49083108600846006840F400402C
:100BF00008600846006840F4A05008605848091F83
:100C00000860081F006840F08070091F086000BF7E
:100C10005148006800F000700028F9D040F20570DB
:100C2000504908604C480830006820F003004A49E9
:100C3000083108600846006840F00200086000BF04
:100C400045480830006800F00C000828F8D10CBDB9
:100C500010B54548006840F47000434908603E48BC
:100C6000006840F001003C49086000203A49083122
:100C70000860394800683D490840374908603C48E9
:100C8000091D0860081F006820F48020091F086003
:100C9000002031490C310860FFF76CFF4FF0006015
:100CA00031498039086010BD70B500200022022350
:100CB00000240221284D08352D6805F00C0020B1D4
:100CC000042806D0082834D107E02A4D2A4E356082
:100CD00033E02A4D284E35602FE01F4D2D1D2D6825
:100CE000C5F380541C4D2D1D2D6805F03F0154B1F6
:100CF000224DB5FBF1F5184E361D3668C6F3881641
:100D000005FB06F209E01B4DB5FBF1F5124E361D51
:100D10003668C6F3881605FB06F20F4D2D1D2D68AB
:100D2000C5F301456D1C6B00B2FBF3F5124E356047
:100D300003E0104D104E356000BF00BF064D083572
:100D40002D68C5F303150E4E705D0B4D2D68C54023
:100D5000094E356070BD0000003802400070004050
:100D6000042A4007003C024088ED00E0FFFFF6FE49
:100D7000103000240024F4001400002000127A0037
:100D8000180000200648804706480047FEE7FEE7B7
:100D9000FEE7FEE7FEE7FEE7FEE7FEE7FEE7FEE72B
:100DA000510C00088901000832490143324A1160A0
:100DB000704770B5002100230F22C4781CB32E4C5D
:100DC000246804F4E064C4F5E064C4F30721C1F1CD
:100DD0000404E3B20A4144789C40E1B284781440B0
:100DE00021430C07210E254C05786155047804F049
:100DF0001F050124AC4005786D11AD0005F1E0251B
:100E0000C5F8004109E0047804F01F050124AC4056
:100E10001B4D0678761145F8264070BD194A0A40E8
:100E20000243154B1B1F1A60704739B1124A121D3D
:100E300012680243104B1B1D1A6006E00E4A121D79
:100E4000126882430C4B1B1D1A607047042808D19E
:100E50004FF0E021096941F004014FF0E0221161F7
:100E600007E04FF0E021096921F004014FF0E02292
:100E7000116170470000FA050CED00E000E400E0AD
:100E800080E100E080FFFF1F10B5044698488442CF
:100E900008D10121084601F0EAF80021012001F003
:100EA000E6F876E09348844208D10121022001F05F
:100EB000DEF80021022001F0DAF86AE08E48844270
:100EC00008D10121042001F0D2F80021042001F012
:100ED000CEF85EE08948844208D10121082001F063
:100EE000C6F80021082001F0C2F852E0844884428C
:100EF00008D10121102001F0BAF80021102001F0E2
:100F0000B6F846E07F48844208D10121202001F054
:100F1000AEF80021202001F0AAF83AE07A48844295
:100F200008D10121402001F0A2F80021402001F069
:100F30009EF82EE07548844208D10121802001F0FE
:100F400096F80021802001F092F822E07048844257
:100F500008D10121801501F08AF80021A01501F0C7
:100F600086F816E06B48844208D10121401501F053
:100F70007EF80021601501F07AF80AE066488442A4
:100F800007D10121001501F072F80021201501F0B0
:100F90006EF810BDF0B50A4600210023002400BF02
:100FA0003DE0012505FA01F3156805EA03049C42BA
:100FB00034D105684F000326BE40B543056015795E
:100FC0004E00B5400668354305601579012D02D005
:100FD0001579022D16D185684F000326BE40B54312
:100FE000856055794E00B540866835438560456813
:100FF00001268E40B5434560456896798E40B6B26D
:1010000035434560C5684F000326BE40B543C56003
:10101000D5794E00B540C6683543C560491C1029D6
:10102000BFD3F0BD4FF6FF71016000210171417126
:101030008171C171704708B54FF480320092009AF7
:101040000A430092009AC261C161009AC261C269FA
:101050000092C269009208BD0246002013690B404D
:101060000BB1012000E0002070470146086980B202
:1010700070470246002053690B400BB1012000E08D
:10108000002070470146486980B27047018370476D
:10109000418370470AB1018300E041837047416199
:1010A000704742694A4042617047F0B5002300240E
:1010B0004D07ED0E02FA05F3CE1000F1200555F8AC
:1010C00026504E07F70E0F26BE40B543CF1000F155
:1010D000200646F82750CE1000F1200555F826507E
:1010E00045EA0304CE1000F1200545F82640F0BD86
:1010F000000002400004024000080240000C0240D0
:10110000001002400014024000180240001C02407F
:1011100000200240002402400028024010B504468E
:10112000FA48844208D10121102000F0E4FF002198
:10113000102000F0E0FF57E0F548844209D101217A
:10114000480400F0C7FF00214FF4003000F0C2FF58
:101150004AE0F048844209D10121880400F0BAFF36
:1011600000214FF4802000F0B5FF3DE0EA488442C2
:1011700009D10121C80400F0ADFF00214FF4002087
:1011800000F0A8FF30E0E548844209D101210805BC
:1011900000F0A0FF00214FF4801000F09BFF23E03F
:1011A000DF48844208D10121202000F0A4FF002163
:1011B000202000F0A0FF17E0DA48844209D1012185
:1011C000880700F087FF00214FF0804000F082FF89
:1011D0000AE0D548844207D10121400500F07AFF9A
:1011E0000021600500F076FF10BD2DE9FF470546A0
:1011F0000E460024A14600BFA046B08900B100BF42
:101200002C8A24F44054F08804432C82AC8941F2A7
:101210000C608443B08831890843718908430443D2
:10122000AC81AC8A24F44074B0890443AC82684633
:1012300000F0E1FDB548854202D0B948854202D1AF
:10124000DDF80C9001E0DDF80890A88900F400407A
:1012500040B109EBC90000EB091031684900B0FB4F
:10126000F1F707E009EBC90000EB091031688900CC
:10127000B0FBF1F76420B7FBF0F004012009642112
:1012800001FB1078A88900F4004040B1322000EB47
:10129000C800B0FBF1F000F00700044308E0322082
:1012A00000EB08106421B0FBF1F000F00F000443E4
:1012B0002C81BDE8FF874FF4165101600021818029
:1012C000C18001810C21418100218181704710B5CD
:1012D00002460020108A20F470600B884C8823435B
:1012E0008C882343CC8823431843108210BD0021EF
:1012F000018041808180C180704721B1828942F4A0
:101300000052828104E082894DF6FF731A40828187
:101310007047028B02F47F420283028B0A430283EE
:10132000704721B1828942F40042828103E08289C0
:10133000C2F30E028281704721B1828A42F40062B8
:10134000828204E0828A4FF2FF731A4082827047E1
:10135000C1F308028280704701468888C0F3080004
:101360007047028A4FF6F0731A400282028A0A43DB
:101370000282704721B1828942F00202828104E038
:1013800082894FF6FD731A408281704782894FF23D
:10139000FF731A40828182890A4382817047028AE0
:1013A0004FF6DF731A400282028A0A4302827047B4
:1013B00021B1028A42F48042028204E0028A4BF6A2
:1013C000FF731A4002827047818941F001018181D7
:1013D000704721B1828A42F00802828204E0828A48
:1013E0004FF6F7731A4082827047028BD2B20283A3
:1013F000028B42EA01220283704721B1828A42F0C5
:101400002002828204E0828A4FF6DF731A408282D1
:10141000704721B1828A42F01002828204E0828AFF
:101420004FF6EF731A4082827047828A4FF6FB7341
:101430001A408282828A0A438282704721B1828A5C
:1014400042F00202828204E0828A4FF6FD731A4063
:10145000828270471AB1838A0B43838202E0838AB7
:101460008B4383827047F0B5034600240026002595
:10147000002040F66A17B94200D100BF1846C1F3F8
:10148000421401F01F06012707FA06F5012C01D1CD
:101490000C3004E0022C01D1103000E014301AB1FD
:1014A00007682F43076002E00768AF430760F0BD9D
:1014B00002460020B1F5007F00D100BF13880B4029
:1014C0000BB1012000E00020704701F40072B2F57A
:1014D000007F00D100BFCA430280704770B502464A
:1014E000002400230025002040F66A16B14200D1F6
:1014F00000BFC1F3421501F01F03012606FA03F3F2
:10150000012D13D19689334017E0000000100140EF
:101510000044004000480040004C004000500040A3
:101520000014014000780040007C0040022D02D1F0
:10153000168A334001E0968A33400C12012606FADF
:1015400004F41688344013B10CB1012000E00020EF
:1015500070BD10B50022002340F66A14A14200D1EC
:1015600000BF0A1201249440A3B2DC43048010BDE2
:1015700010B50121080200F0BEFD00214FF480707B
:1015800000F0B9FD10BD30B50246002000235068C0
:10159000F84C20400D790C6844EA05242043506043
:1015A0009068F54C2040D1E903542C438D682C43BE
:1015B0004D7944EA450420439060D06A20F47000DD
:1015C0000C7D641EE4B2234340EA0350D06230BD78
:1015D00000210160017141718160C16001610121DF
:1015E000017570470021E54A1168E54A1140D0E9CC
:1015F00000231A4383681A43C3681A431143E14A1C
:10160000C2F8041370470021016041608160C1602D
:10161000704721B1826842F00102826003E0826873
:1016200022F00102826070470A4600214168D64BD1
:1016300019401143416070474162826270470A4617
:101640000021416821F01F0111434160704738B10A
:10165000CA49096841F40001CA4AC2F8041306E005
:10166000C649096821F40001C64AC2F8041370474C
:1016700038B1C249096841F48001C24AC2F8041372
:1016800006E0BE49096821F48001BE4AC2F804138D
:101690007047F0B504460D4600200021092D11DDEC
:1016A000E068A5F10A0606EB4607072606FA07F1E9
:1016B0008843A5F10A0606EB460603FA06F108433D
:1016C000E0600CE0206905EB4507072606FA07F104
:1016D000884305EB450603FA06F108432061072A13
:1016E0000FDA606B561E06EB86071F2606FA07F117
:1016F0008843561E06EB860605FA06F1084360632A
:1017000022E00D2A0FDA206BD61F06EB86071F2674
:1017100006FA07F18843D61F06EB860605FA06F19E
:101720000843206310E0E06AA2F10D0606EB86078D
:101730001F2606FA07F18843A2F10D0606EB86067E
:1017400005FA06F10843E062F0BD816841F080418E
:1017500081607047014600208A6802F080420AB129
:10176000012000E00020704721B1826842F48062CD
:10177000826003E0826822F480628260704721B157
:10178000826842F00202826003E0826822F0020274
:101790008260704710B50A4600210023416821F499
:1017A0006041531E41EA4331416010BD21B142689E
:1017B00042F40062426003E0426822F40062426048
:1017C00070470146C86C80B270476C48001D0068C5
:1017D000704721B1826842F48072826003E08268BF
:1017E00022F480728260704721B1826842F40072F4
:1017F000826003E0826822F400728260704738B130
:101800005E49096841F400515E4AC2F8041306E0DB
:101810005A49096821F400515A4AC2F80413704722
:10182000F0B504461546002000220026092911DDE6
:10183000E068A1F10A0707EB470C072707FA0CF24B
:101840009043A1F10A0707EB470703FA07F2104399
:10185000E0600CE0206901EB410C072707FA0CF26D
:10186000904301EB410703FA07F210432061A06B9C
:10187000C0F30156EF1C06F1010CA7EB0C0707EBB8
:10188000870C1F2707FA0CF29043EF1C06F1010C9E
:10189000A7EB0C0707EB870701FA07F21043A063D9
:1018A000F0BD10B50A4600210023816B21F44011E0
:1018B000531E41EA0351816310BD08B50023009314
:1018C0000090009B0B440093009B1A6008BD0A46E1
:1018D0000021816821F470211143816070470A461C
:1018E0000021816821F440111143816070478168B3
:1018F00041F4800181607047014600208A6802F44B
:1019000080020AB1012000E00020704721B1426846
:1019100042F48062426003E0426822F480624260E6
:10192000704721B1426842F48052426003E042684D
:1019300022F480524260704708B5024600200090B1
:10194000009201F12800009B184400900098006864
:1019500080B208BD10B50B460021D9B2012404FAAB
:1019600001F11AB144680C43446002E044688C43BE
:10197000446010BDFFFEFFFCFDF7FFC004230140E3
:10198000E030FCFF00200140FFFD3FFF0246002049
:1019900013680B400BB1012000E000207047CA43E0
:1019A0000260704770B502460020002300240B122D
:1019B000556801268E4005EA060415681D4015B1DC
:1019C0000CB1012000E0002070BD00220A12D343B8
:1019D0000360704710B50121480700F07BFB002130
:1019E0004FF0005000F076FB10BD30B50022002310
:1019F0007B4C226840F6FE748440A243D1E9004546
:101A00002C438D682C43CD6844EA050303FA00F4A7
:101A10002243734C226030BD00210160416081602F
:101A2000C160704739B16E4A1268012383401A437E
:101A30006B4B1A6006E06A4A1268012383409A439E
:101A4000674B1A60704710B551B1654A121D126894
:101A500004090123A3401A43614B1B1D1A6009E0CE
:101A60005F4A121D126804090123A3409A435C4B8C
:101A70001B1D1A6010BD40B15949091D096841F08C
:101A80000301574A121D116007E05549091D0968F5
:101A900021F00301524A121D1160704710B53AB18E
:101AA0004F4B1B6801FA00F423434D4C236006E0C2
:101AB0004B4B1B6801FA00F4A343494C236010BD53
:101AC00008B500220092464A009200F10802009BED
:101AD0001A440092009A116008BD08B500220092D5
:101AE0003F4A009200F11402009B1A440092009AAF
:101AF000116008BD30B500240023082802D142EA55
:101B0000012401E042EA0144354B00F120052B4459
:101B10001C6030BD08B501460020009030480090A0
:101B20002C2000EB9100009A10440090009800686F
:101B300080B208BD41B12A4A12684FF480538340F5
:101B40001A43274B1A6007E0254A12684FF4805366
:101B500083409A43224B1A60704710B53AB1204B2C
:101B60001B6801FA00F423431D4C236006E01C4B64
:101B70001B6801FA00F4A343194C236010BD10B593
:101B800002460020164B34331B6801FA02F423404E
:101B90000BB1012000E0002010BD01FA00F2104B53
:101BA00034331A60704730B50246002000230C4CD5
:101BB000246801FA02F504EA0503094C3434246868
:101BC00001FA02F52C4014B10BB1012000E0002015
:101BD00030BD01FA00F2024B34331A607047000046
:101BE00000740040F948006840F00100F7490860BF
:101BF0000020F64908310860F4480068F4490840BC
:101C0000F2490860F348091D0860F348EF49843140
:101C10000860F0481038091D0860EC48006820F49E
:101C20008020EA4908600020E8490C310860E74953
:101C30008C31086070470021E44A921C11701146F3
:101C40000870704710B501460022002300204A1199
:101C5000012A02D1DD4C236808E0022A03D1DB4CC3
:101C60007034236802E0D94C7434236801F01F02F9
:101C7000012494401C400CB1012000E0002010BD64
:101C800038B5002000900024002500BF3120FFF768
:101C9000D9FF05460098401C00900098B0F5A04F71
:101CA00001D0002DF2D03120FFF7CCFF08B1012484
:101CB00000E00024204638BD01460020C34A1068D9
:101CC00020F0F80040EAC10010607047C349086086
:101CD00070470021BD4A703211701170012802D086
:101CE00004280AD104E00121B84A7032117005E0DD
:101CF0000521B64A7032117000E000BF00BF704786
:101D0000B7490860704770B5049C41EA8215012606
:101D1000C6EB530645EA0645054345EA0465AB4E66
:101D2000361D356070BDAD4908667047820142EAD4
:101D30000172A64B84331A607047A84988667047C1
:101D400010B5830143EA016343EA02739F4C883470
:101D5000236010BDA14908677047A049C864704757
:101D600002460020994B0833186820F0EC6042EAE4
:101D700001031843954B0833186070470246002052
:101D8000924B0833186820F0784042EA0103184368
:101D90008E4B083318607047014600208B4A08328A
:101DA000106820F00300084310607047874808302F
:101DB000006800F00C00704701460020834A08329A
:101DC000106820F0F00008431060704701460020C2
:101DD0007E4A0832106820F4E050084310607047D3
:101DE00001460020794A0832106820F4604040EA39
:101DF000C10010607047F0B50021002200240225C8
:101E000000260223714F08373F6807F00C0121B10B
:101E1000042905D0082937D105E0724F076036E064
:101E2000714F076033E0694F3F1D3F68C7F380562D
:101E3000664F3F1D3F6807F03F036EB16A4FB7FB27
:101E4000F3F7DFF888C10CF1040CDCF800C0CCF328
:101E5000881C07FB0CF40CE0624FB7FBF3F7DFF8CC
:101E60006CC10CF1040CDCF800C0CCF3881C07FB3F
:101E70000CF4564F3F1D3F68C7F301477F1C7D00A0
:101E8000B4FBF5F7076002E0564F076000BF00BFE4
:101E90004E4F08373F6807F0F0010909534F7A5C4D
:101EA0000768D7404760494F08373F6807F4E0515B
:101EB000890A4E4F7A5C4768D7408760434F08379E
:101EC0003F6807F46041490B484F7A5C4768D74048
:101ED000C760F0BD002100F44072B2F5407F0AD126
:101EE0003A4A0832116821F4F811414A024011437C
:101EF000364A08321160354A70321268C0F30B035B
:101F00001A43324B70331A607047354944390860C0
:101F10007047334940390860704736490860704758
:101F200001460020294A8C32106820F01F004A1E0A
:101F30001043264A8C321060704701460020234A25
:101F40008C32106820F4F8504A1E40EA02201F4AE2
:101F50008C3210607047014600201C4A8C32106899
:101F600020F4401008431060704701460020174AD3
:101F70008C32106820F4400008431060704701461E
:101F80000020124A8C32106820F440300843106060
:101F9000704719490860704739B10C4A30321268ED
:101FA00002430A4B30331A6006E0084A30321268A6
:101FB0008243064B30331A607047F9B1034A34321A
:101FC00012680243014B34331A601CE000380240AF
:101FD000FFFFF6EA103000240030002000004742E6
:101FE000800E47420024F40000127A0028000020EE
:101FF000FFFCFF0F5C014742E01147428F4A126825
:1020000082438E4B1A60704739B18C4A121D126898
:1020100002438A4B1B1D1A6006E0884A121D126893
:102020008243864B1B1D1A60704739B1834A0C32BC
:1020300012680243814B0C331A6006E07F4A0C326F
:10204000126882437D4B0C331A60704739B17B4A6A
:10205000103212680243794B10331A6006E0774A57
:10206000103212688243754B10331A60704739B1D1
:10207000724A243A12680243704B243B1A6006E00D
:102080006E4A243A126882436C4B243B1A607047B4
:1020900039B16A4A203A12680243684B203B1A6001
:1020A00006E0664A203A12688243644B203B1A607D
:1020B000704739B1614A1C3A126802435F4B1C3BBE
:1020C0001A6006E05D4A1C3A126882435B4B1C3B77
:1020D0001A60704739B1594A143A12680243574B93
:1020E000143B1A6006E0554A143A12688243534B77
:1020F000143B1A60704739B1504A103A12680243D3
:102100004E4B103B1A6006E04C4A103A126882436C
:102110004A4B103B1A60704739B1484A1C3212686A
:102120000243464B1C331A6006E0444A1C321268D4
:102130008243424B1C331A60704739B13F4A203208
:10214000126802433D4B20331A6006E03B4A2032BE
:1021500012688243394B20331A60704739B1374ACD
:10216000243212680243354B24331A6006E0334AA6
:10217000243212688243314B24331A60704739B1DC
:102180002E4A2C32126802432C4B2C331A6006E084
:102190002A4A2C3212688243284B2C331A6070472B
:1021A00039B1264A303212680243244B30331A6068
:1021B00006E0224A303212688243204B30331A60E4
:1021C0007047012808D11D493C31096841F00801D8
:1021D0001A4A3C32116007E018493C31096821F085
:1021E0000801164A3C321160704739B1134A273A48
:1021F00012780243114B273B1A7006E00F4A273A28
:10220000127882430D4B273B1A7070470B484030C1
:10221000006840F08070094940310860704701460D
:102220000020064A283A12680A400AB1012000E05C
:102230000020704701492639087070473438024041
:1022400010B50446FB48844208D101218014FFF7F1
:1022500052FF0021A014FFF74EFF3CE0F6488442F5
:1022600008D101210014FFF735FF00212014FFF7EA
:1022700031FF30E0F148844208D10121C013FFF75B
:1022800029FF0021E013FFF725FF24E0EC488442FA
:1022900008D101214014FFF72EFF00216014FFF741
:1022A0002AFF18E0E748844209D101210805FFF719
:1022B00022FF00214FF48010FFF71DFF0BE0E248E2
:1022C000844208D101214805FFF715FF00214FF492
:1022D0000010FFF710FF10BD10B50022028802F4B5
:1022E00041520B884C8823438C882343CC8823435A
:1022F0000C8923434C8923438C892343CC89234372
:102300001A430280838B4FF2FF74234083830B8A2E
:10231000038210BD2DE9F04F0025022300244FF069
:10232000010900220026002794469046B0F81CA020
:102330004FF2400B0AEA0B0AA0F81CA04FF0020A69
:10234000A0F820A0858BD1F808A0BAF1020F01D126
:1023500000BF82E0B1F804A0BAF1000F02D14FF043
:10236000010901E04FF00209DFF8E0A2DAF800A06D
:102370000AF4000ABAF1000F09D0DFF8D0A2DAF8A7
:1023800000A02AF4000ADFF8C4B2CBF800A0DFF8FE
:10239000BCA20AF17C0ADAF800A0CAF3881CDFF8B4
:1023A000ACA20AF17C0ADAF800A0CAF30278DFF8DE
:1023B0009CA2AAF1040ADAF800A00AF03F07DFF8AD
:1023C0008CA2AAF1040ADAF800A00AF4800ABAF58D
:1023D000800F08D1DFF878A2BAFBF7FA0AFB0CFAF3
:1023E000BAFBF8F607E0DFF86CA2BAFBF7FA0AFBD3
:1023F0000CFABAFBF8F6B1F806A0BAF5007F0ED1D8
:102400004FEA162A0AEB8A0A4FEA4A0AD1F808B0BC
:10241000BAFBFBFA0AF1050A1FFA8AF20FE04FEA4B
:10242000491AB6FBFAFA0AEB8A0A4FEA4A0AD1F8C5
:1024300008B0BAFBFBFA0AF1050A1FFA8AF24FF05C
:102440000A0AB2FBFAF202F00104A2EB040ACAF390
:102450004F034FF6FF7A0AEA0424022B01DBFF2B1D
:1024600001DD02230024B1F806A04AEA040A4AEA80
:10247000030AA0F820A0B1F804A0B1F80CB04AEA11
:102480000B0AB1F802B04AEA0B0AB1F800B04AEA06
:102490000B0A4AF4006A4AEA05058583BDE8F08F15
:1024A0000021018041808180C18001814181818141
:1024B000C181072101827047002101804180818014
:1024C000C1800221816000218181704721B1028891
:1024D00042F04002028004E002884FF6BF731A40C7
:1024E0000280704721B1828B42F48062828304E0D3
:1024F000828B4FF6FF331A408283704702884FF277
:10250000FF731A40028002880A4302807047B1F5C7
:10251000804F04D1028842F48042028004E00288A5
:102520004BF6FF731A40028070474FF6FF629142EC
:1025300004D0028842F48072028004E002884FF6E0
:10254000FF631A400280704721B1828842F0040282
:10255000828004E082884FF6FB731A4082807047C5
:1025600021B1828842F01002828004E082884FF616
:10257000EF731A408280704730B500220023848BAD
:102580004FF240052C40848302240484828B0C8803
:10259000B4F5007F01D00C8814B94FF4807308E0C3
:1025A0000C88B4F5407F03D00C88B4F5807F00D14F
:1025B00000238C888D892C434D882C431C4344F484
:1025C00000642243828330BD01468889704781813F
:1025D000704721B1028842F40052028004E0028870
:1025E0004DF6FF731A4002807047018841F4805114
:1025F0000180704702460020012901D0108B00E0C5
:10260000908A70470146088A70471AB183880B4345
:10261000838002E083888B438380704730B5002439
:1026200000230C110125A540ABB2AAB185881D433A
:10263000858014E00030014000380040003C00403C
:10264000003401400050014000540140083802406D
:1026500000127A000024F40085889D43858030BDF7
:102660000246002013890B400BB1012000E000203E
:102670007047CA4302817047F0B50246002000242B
:102680000023002501F00F070126BE40B4B20B1154
:1026900001269E40B3B2968806EA030516892640B5
:1026A00016B10DB1012000E00020F0BD10B50022F0
:1026B00001F00F040123A3409AB2D343038110BD5C
:1026C00010B50446FE48844208D101210846FFF7B0
:1026D00012FD00210120FFF70EFD9DE0B4F1804FB7
:1026E00008D101210846FFF7F5FC00210120FFF782
:1026F000F1FC91E0F348844208D101210220FFF768
:10270000E9FC00210220FFF7E5FC85E0EE48844269
:1027100008D101210420FFF7DDFC00210420FFF790
:10272000D9FC79E0E948844208D101210820FFF76B
:10273000D1FC00210820FFF7CDFC6DE0E448844285
:1027400008D101211020FFF7C5FC00211020FFF760
:10275000C1FC61E0DF48844208D101212020FFF75D
:10276000B9FC00212020FFF7B5FC55E0DA4884428F
:1027700008D101210220FFF7BEFC00210220FFF753
:10278000BAFC49E0D548844209D101210804FFF789
:10279000B2FC00214FF48030FFF7ADFC3CE0D048A4
:1027A000844209D101214804FFF7A5FC00214FF420
:1027B0000030FFF7A0FC2FE0CA48844209D1012174
:1027C0008804FFF798FC00214FF48020FFF793FC6A
:1027D00022E0C548844208D101214020FFF77AFC5D
:1027E00000214020FFF776FC16E0C048844208D163
:1027F00001218020FFF76EFC00218020FFF76AFC9A
:102800000AE0BB48844207D101218015FFF762FC32
:102810000021A015FFF75EFC10BD00220288A84B26
:1028200098420ED0AC4B98420BD0B0F1804F08D0FC
:10283000A44B984205D0A44B984202D0A34B984297
:1028400004D14FF68F731A404B881A43A04B98421D
:1028500007D0A04B984204D04FF6FF431A400B8993
:102860001A4302804B68C3620B880385944B9842DD
:1028700002D0994B984201D18B7A0386012383823F
:1028800070474FF0FF31416000210180018141809C
:10289000817270470185828270470A460021018853
:1028A0004FF68F73194011430180704741627047A2
:1028B000C16270470146486A70470146088D7047FB
:1028C00021B1028842F00202028004E002884FF641
:1028D000FD731A400280704721B1028842F0040261
:1028E000028004E002884FF6FB731A4002807047B2
:1028F00021B1028842F08002028004E002884FF693
:102900007F731A400280704702884FF6F7731A40AF
:10291000028002880A430280704702884FF6FF4314
:102920001A40028002880A430280704721B102885F
:1029300042F00102028004E002884FF6FE731A4062
:102940000280704770B5002400220023058C4FF6EA
:10295000FE7635400584028C8388048B4FF68F7594
:102960002C40B51E2C400D882C43751E2A408D89A5
:102970002A434D882A43524DA84202D0564DA842C0
:1029800013D14FF6F7752A40CD892A434FF6FB75D0
:102990002A408D882A434FF6FF652B404FF6FF559E
:1029A0002B400D8A2B434D8A2B43838004838D68F3
:1029B0004563028470BD70B5002400220023058C9D
:1029C0004FF6EF7635400584028C8388048B48F6F9
:1029D000FF752C404FF6FF452C400D884FF6FF76D3
:1029E00006EA05252C434FF6DF752A408D8906EA55
:1029F00005152A434D8806EA05152A43304DA8429D
:102A000002D0354DA8421DD14FF67F752A40CD89A1
:102A10004FF6FF7606EA05152A434FF6BF752A40A2
:102A20008D8806EA05152A434FF6FF352B404FF2F5
:102A3000FF752B400D8A06EA85052B434D8A06EA71
:102A400085052B43838004838D688563028470BD74
:102A500070B5002400220023058C4FF6FF66354038
:102A60000584028C8388848B4FF68F752C404FF63B
:102A7000FC752C400D882C434FF6FF552A408D895C
:102A80004FF6FF7606EA05252A434D8806EA052516
:102A90002A430B4DA84202D00F4DA84238D14FF225
:102AA000FF752A40CD894FF6FF7606EA05252A43B1
:102AB0004FF6FF352A408D8806EA05252A4319E09E
:102AC000000001400004004000080040000C0040ED
:102AD000001000400014004000040140004001408C
:102AE000004401400048014000180040001C004024
:102AF000002000404EF6FF752B404DF6FF752B4031
:102B00000D8A06EA05152B434D8A06EA05152B4367
:102B1000838084838D68C563028470BD70B5002294
:102B200000230024058C4EF6FF7635400584038C87
:102B30008488828B48F6FF752A404FF6FF452A406D
:102B40000D884FF6FF7606EA05252A434DF6FF75F8
:102B50002B408D8906EA05352B434D8806EA05355D
:102B60002B43FE4DA84202D0FD4DA84208D14BF6A2
:102B7000FF752C400D8A4FF6FF7606EA85152C432B
:102B8000848082838D680564038470BD0021018088
:102B90004180818081608181C18101824182704751
:102BA00070B50346002000241846183001258D40DA
:102BB000ACB21D8CA5431D8409B108290AD100EBD4
:102BC000610005684FF68F7635400560056815434E
:102BD00005600FE00D1FC5F34E052844056848F653
:102BE000FF763540056005684FF6FF7606EA022657
:102BF0003543056070BD4163704781637047C163B1
:102C00007047016470470A460021018B4FF68F73AD
:102C100019401143018370470A460021018B48F691
:102C2000FF7319404FF6FF7303EA02231943018330
:102C300070470A460021818B4FF68F73194011436C
:102C4000818370470A460021818B48F6FF73194043
:102C50004FF6FF7303EA02231943818370470A4644
:102C60000021018B4FF6F773194011430183704720
:102C70000A460021018B4FF2FF7319404FF6FF7394
:102C800003EA02231943018370470A460021818B1E
:102C90004FF6F77319401143818370470A460021AC
:102CA000818B4FF2FF7319404FF6FF7303EA022343
:102CB0001943818370470A460021018B4FF6FB734D
:102CC00019401143018370470A460021018B4FF6DA
:102CD000FF3319404FF6FF7303EA022319430183C0
:102CE00070470A460021818B4FF6FB731940114350
:102CF000818370470A460021818B4FF6FF331940CC
:102D00004FF6FF7303EA02231943818370470A4693
:102D10000021018B4FF67F731940114301837047E7
:102D20000A460021018BC1F30E014FF6FF7303EA3F
:102D300002231943018370470A460021818B4FF615
:102D40007F7319401143818370470A460021818BAC
:102D5000C1F30E014FF6FF7303EA02231943818387
:102D600070470A460021018C4FF6FD73194011434C
:102D7000018470470A460021018C4FF6F773194011
:102D80001143018470470A460021018C4FF6DF731E
:102D900019404FF6FF7303EA021319430184704789
:102DA0000A460021018C4FF67F7319404FF6FF73DE
:102DB00003EA02131943018470470A460021018C7B
:102DC0004FF6FF5319404FF6FF7303EA02231943EE
:102DD000018470470A460021018C4FF2FF731940AD
:102DE0004FF6FF7303EA02231943018470470A4632
:102DF0000021018C4DF6FF7319404FF6FF7303EA73
:102E0000023319430184704730B5002301248C40FC
:102E1000A3B2048C9C430484048C02FA01F5ADB285
:102E20002C43048430BD30B5002304248C40A3B26D
:102E3000048C9C430484048C02FA01F5ADB22C434B
:102E4000048430BD828B4FF2FF331A408283828B21
:102E50004FF6FF7303EA01231A4382837047F0B5EC
:102E60000C461546002100220026078C4EF6FF7CFA
:102E700007EA0C070784818B028C4FF6FF7707EA7D
:102E8000043640F6FF4739404FF6FF7707EA05273B
:102E900039434FF6FF7707EA0337394345F6FF77A3
:102EA0003A4046F480573A4381830284F0BD828BD6
:102EB0004FF6F3731A408283828B0A4382837047F2
:102EC000F0B50C461546002100220026078C4FF66F
:102ED000FF6C07EA0C070784818B028C4FF6FF77A3
:102EE00007EA04264FF60C7739404FF6FF7707EADA
:102EF00003172F4339434FF2FF573A4046F4807788
:102F00003A4381830284F0BD028B4FF2FF331A40B3
:102F10000283028B4FF6FF7303EA01231A430283F5
:102F20007047F0B50C461546002100220026078C9C
:102F30004FF6EF7C07EA0C070784018B028C4FF6F3
:102F4000FF7707EA041640F6FF4739404FF6FF7750
:102F500007EA033739434FF6FF7703E000000140EB
:102F60000004014007EA052739434FF65F773A40EE
:102F700046F010073A4301830284F0BD028B4FF6FE
:102F8000F3731A400283028B0A4302837047F0B541
:102F90000C46154600210022068C4FF6FE773E4077
:102FA0000684018B028C4FF60C7631407E1C06EABB
:102FB00003162E4331434FF6F576324044F00106B6
:102FC000324301830284F0BD70B505460C4620886B
:102FD00050B92389A28861882846FFF7D8FFE18885
:102FE0002846FFF7CBFF25E0208804280AD1238953
:102FF000A28861882846FFF794FFE1882846FFF7FA
:1030000083FF17E0208808280AD12389A2886188D5
:103010002846FFF755FFE1882846FFF748FF09E0FB
:103020002389A28861882846FFF719FFE18828468E
:10303000FFF708FF70BD00210180418001218180E0
:103040000021C180018170472DE9F04105460C4601
:1030500000260127608808B9022600E00026A08823
:10306000012801D1022700E001272088A0B9238987
:10307000A28861882846FFF78AFFE1882846FFF783
:103080007DFF23893A4631462846FFF74AFFE1880B
:103090002846FFF739FF13E02389A2886188284674
:1030A000FFF73FFFE1882846FFF72EFF23893A46C6
:1030B00031462846FFF76BFFE1882846FFF75EFFA1
:1030C000BDE8F0810146486B70470146886B704748
:1030D0000146C86B70470146086C70470A884B88E8
:1030E0001A438B881A43CB881A430B891A434B899E
:1030F0001A438B891A43A0F84420704700210180AD
:1031000041808180C180018141818181704731B1DD
:10311000B0F8442042F40042A0F8442005E0B0F8A2
:103120004420C2F30E02A0F84420704721B18288E7
:1031300042F00402828004E082884FF6FB731A405A
:103140008280704721B1828842F00102828004E0CF
:1031500082884FF6FE731A40828070471AB18389C5
:103160000B43838102E083898B4383817047818293
:10317000704702460020138A0B400BB1012000E08B
:1031800000207047CA430282704730B502460020D3
:1031900000230024158A05EA0103958905EA010444
:1031A00013B10CB1012000E0002030BDCA430282FF
:1031B000704741EA0203A0F8483070471AB183898A
:1031C0000B43838102E083898B438381704721B164
:1031D000828842F00802828004E082884FF6F7730A
:1031E0001A408280704701894FF6F87211400181C0
:1031F00070470A46002101894FF68F731940114329
:103200000181704730B504460D4629462046FFF738
:10321000F0FF208940F00700208130BD2DE9F0410A
:1032200004460D4616461F46602D06D13B46012238
:1032300031462046FFF775FE05E03B460122314648
:103240002046FFF7A4FE29462046FFF7D2FF20893B
:1032500040F007002081BDE8F08130B50C46002128
:103260000189C9B24FF6FF7505EA032515432543C9
:103270002943018130BD2DE9F04105460E46174630
:103280009846002443463A4631462846FFF7E5FF74
:103290002C894FF6F870044044F007044FF68F7005
:1032A000044044F070042C81BDE8F081F0B5044680
:1032B0000D4616461F463B46324629462046FFF736
:1032C000CCFF208940F480402081F0BD82884FF6F9
:1032D0008F731A40828082880A43828070470289F5
:1032E0004FF6F8731A40028102890A43028170473F
:1032F00002894FF67F731A40028102890A430281D4
:103300007047F0B50C4615461E46002100220023EA
:103310000189028B038C4FF6F877394021434FF631
:10332000FC473A4040F201173A434FF6DD773B4005
:103330004FF6FF7707EA06172F433B4301810283CD
:103340000384F0BD21B1828842F08002828004E0D3
:1033500082884FF67F731A4082807047A0F8501021
:1033600070470000016821F0010101600021016047
:1033700041608160C160016121214161DB49884276
:1033800004D13D21D94A103A91608CE0D7491831D7
:10339000884205D14FF47461D44A103A916082E0BA
:1033A000D2493031884205D14FF47411CF4A103AD6
:1033B000916078E0CD494831884205D14FF0746181
:1033C000CA4A103A91606EE0C8496031884204D11F
:1033D000C749C64A103AD16065E0C449783188428D
:1033E00004D1C449C14A103AD1605CE0BF49903170
:1033F000884204D1C049BD4A103AD16053E0BB496C
:10340000A831884205D14FF03D51B84A103AD160F9
:1034100049E0BA49884204D13D21B84A083A1160CE
:1034200041E0B6491831884205D14FF47461B34A7E
:10343000083A116037E0B1493031884205D14FF484
:103440007411AE4A083A11602DE0AC494831884207
:1034500005D14FF07461A94A083A116023E0A749E9
:103460006031884204D1A249A44A121F11601AE0B7
:10347000A2497831884204D19E49A04A121F1160A6
:1034800011E09E499031884204D19B499B4A121F0A
:10349000116008E09949A831884204D14FF03D51AC
:1034A000964A121F1160704710B500220268944BB3
:1034B0001A40CC680B6823434C6923438C6923432F
:1034C000CC6923430C6A23434C6A23438C6A23430D
:1034D0004C6B23438C6B23431A430260426922F0F6
:1034E0000702D1E90B3423431A4342610B6943605D
:1034F0004B6883608B68C36010BD00210160416030
:103500008160C160016141618161C16101624162AB
:103510008162C162016341638163704721B10268C6
:1035200042F00102026003E0026822F00102026040
:10353000704721B1026842F40042026003E0026871
:1035400022F400420260704721B1026842F020027A
:10355000026003E0026822F02002026070474160CE
:1035600070470146486880B2704722B1036843F44F
:103570000023036003E0036823F400230360016178
:10358000704721B1026842F48022026003E00268C1
:1035900022F48022026070470AB1016100E0C1603C
:1035A0007047014600200A6802F400220AB1012097
:1035B00000E000207047014600200A6802F0010286
:1035C0000AB1012000E000207047014600204A694E
:1035D00002F03800704730B503460A460020002448
:1035E000464DAB4202D24149103901E043491039FE
:1035F00002F000550DB14C6800E00C68414D2C40C4
:1036000004EA02050DB1012000E0002030BD0246B1
:103610003A4B9A4202D23548103801E03748103808
:1036200001F000531BB1374B0B40C36002E0354B38
:103630000B408360704710B501F080034BB122B19D
:10364000436943F08003436103E0436923F080034F
:10365000436180290BD02AB1036801F01E04234383
:10366000036004E0036801F01E04A343036010BD7F
:1036700070B50246002000240025204EB24202D23E
:103680001A4B103B01E01D4B103B1F4E0E4036B154
:103690001E2606EAD124166806EA040502E05669E9
:1036A00006F0800501F000560EB15C6800E01C6871
:1036B000144E344004EA010616B10DB1012000E0B9
:1036C000002070BD02460D4B9A4202D207481038C6
:1036D00001E00A48103801F000531BB1094B0B40C0
:1036E000C36002E0074B0B408360704710600240EC
:1036F0003D000020400F002000003D2010640240EB
:103700003F801CF07D0F7D0F3C0F3C0F30B943F222
:10371000DB028100A1F1C0410A6005E043F2D20260
:103720008100A1F1C0410A606FF07042411C890024
:10373000A1F1C0410A608100A1F1C041C1F804219A
:103740007047D0E901121143C26811430269114365
:103750004269114382691143C2691143026A1143EC
:10376000426A1143826A1143C26A1143026B1143D8
:1037700002689200A2F1C0421160816808290BD151
:1037800001688900A1F1C041096841F04002016867
:103790008900A1F1C0410A60416B0968426B52681F
:1037A00041EA0211426B926841EA0221426B92891E
:1037B00041EA0241426B128A41EA0251426B127D98
:1037C00041EA0261426B926911430268521C920005
:1037D000A2F1C0421160C16AB1F5804F1BD1816B6B
:1037E0000968826B526841EA0211826B926841EA71
:1037F0000221826B128A41EA0251826B127D41EAF8
:103800000261826B9269114302689200A2F1C04288
:10381000C2F8041107E06FF0704201688900A1F15D
:10382000C041C1F8042170470021016002214160BC
:1038300000218160C160016141618161C1610162FA
:103840004FF480514162490081620021C1620163ED
:10385000F84941638163704751B18200A2F1C042CF
:10386000126842F001038200A2F1C042136009E035
:103870008200A2F1C0421268EF4B1A408300A3F10C
:10388000C0431A60704710280AD118214FF0204217
:103890001166402151664FF0FC319166D16610E00F
:1038A0001821E64A116040214FF02042C2F88410EE
:1038B0004FF0FC31E14A083211604FF02042C2F86B
:1038C0008C10704730B5002100220023446844F07A
:1038D000080485682C43C5682C4305692C43456959
:1038E00044EA4524856944EA4531C4692468C569C8
:1038F0006D6844EA0524C5692D8944EA0544C56913
:103900002D7B44EA0562046A2468056A6D6844EA0E
:103910000524056A2D8944EA0544056A2D7B44EA9D
:1039200005630468102C05D14FF020442166A2667F
:10393000E36608E0C14C21604FF02044C4F88820C1
:10394000BE4C0C34236030BD102101600021416069
:103950008160C160016141618161FC21C2691160C6
:10396000C2695160C2699160C269D160026A116026
:10397000026A5160026A9160026AD160704799B12F
:10398000102808D14FF02042126E42F004024FF08E
:1039900020431A661DE0A94A126842F004024FF063
:1039A0002043C3F8802014E0102809D14FF02042B2
:1039B000126EA14BDB1E1A404FF020431A6608E03E
:1039C0009E4A12689C4BDB1E1A404FF02043C3F8FE
:1039D0008020704799B1102808D14FF02042126E14
:1039E00042F040024FF020431A661DE0934A1268ED
:1039F00042F040024FF02043C3F8802014E010282A
:103A000009D14FF02042126E8B4B3F3B1A404FF0D2
:103A100020431A6608E0894A1268874B3F3B1A40E8
:103A20004FF02043C3F88020704701460020102942
:103A300003D14FF02042506F02E0804A14321068E8
:103A4000704718207D492031086000200906C1F820
:103A5000A4004FF0FC30794928310860091D086046
:103A6000091D08607047016841F01001426841EA91
:103A70004221826841EA4231704A20321160C168B5
:103A80000968C268526841EA0221C268128941EAA3
:103A90000241C268127B41EA0261684A2832116021
:103AA000016909680269526841EA022102691289C2
:103AB00041EA02410269127B41EA02615F4A2C320B
:103AC0001160416909684269526841EA022142690C
:103AD000128941EA02414269127B41EA02614FF0D8
:103AE0002042C2F8B010704700210160416081603F
:103AF000FC21C2681160C2685160C2689160C268EE
:103B0000D1600269116002695160026991600269C5
:103B1000D1604269116042695160426991604269B5
:103B2000D160704748B145492031096841F004012E
:103B30004FF02042C2F8A01009E040492031096846
:103B40003D4AD21E11404FF02042C2F8A0107047EB
:103B500010B5F2B1102807D14FF020435B6E0B4334
:103B60004FF02044636632E0B0F5807F08D1334BDC
:103B70001B1D1B680B434FF02044C4F8843026E023
:103B80002E4B24331B680B434FF02044C4F8A43061
:103B90001DE0102807D14FF020435B6E8B434FF0A0
:103BA0002044636613E0B0F5807F08D1234B1B1DD2
:103BB0001B688B434FF02044C4F8843007E01F4B50
:103BC00024331B688B434FF02044C4F8A43010BD4D
:103BD00010B5024600200023102A03D14FF02044E4
:103BE000636E09E0B2F5807F03D1144C241D236875
:103BF00002E0124C2434236803EA01040CB10120D2
:103C000000E0002010BD102807D14FF02042526E76
:103C10008A434FF020435A6619E0B0F5807F0FD1F8
:103C2000064A121D12688A434FF02043C3F88420CD
:103C30000DE00000C0C70008FEFF0F00800000A0DC
:103C4000234A12688A434FF02043C3F8A4207047E8
:103C500070B502460020002300240025102A03D15D
:103C60004FF02046736E08E0B2F5807F03D1184E06
:103C7000203E336801E0164E336803EA010403EA8C
:103C8000D10514B10DB1012000E0002070BD102855
:103C900008D14FF02042526E22EAD1024FF0204369
:103CA0005A6614E0B0F5807F09D1094A203A1268BB
:103CB00022EAD1024FF02043C3F8842007E0044AEF
:103CC000126822EAD1024FF02043C3F8A4207047C3
:103CD000A40000A000B58FB001210846FEF75CF9F2
:103CE00001210802FEF7B2F901200D9003208DF8A2
:103CF000380000208DF83B000DA95848FDF74AF91F
:103D000001210802FEF7F7F900214FF48070FEF759
:103D1000F2F9002009900C904FF480400B90800045
:103D20000A9009A8FDF75EFC0020039001208DF8A1
:103D3000100000208DF811004FF0407006904FF0F9
:103D4000805005900020079001208DF8200003A9E5
:103D50004348FDF718FC0023012219464048FDF7AF
:103D600098FC01213E48FDF73FFD01213C48FDF74D
:103D700030FD01213A48FDF74CFC01221021394861
:103D8000FFF759FC4FF480503749354B4C33002234
:103D9000CDE900101146334800F094F84FF48051FB
:103DA000304800F0FEF80FB000BD00B58DB0012125
:103DB0000846FEF7F1F801218802FEF747F90420D2
:103DC0000B9003208DF8300000208DF833000BA9F4
:103DD0002248FDF7DFF80020079009900A904FF481
:103DE0008030089007A8FDF7FDFB002001908DF8BA
:103DF00008008DF809004FF0407004904FF080509B
:103E000003900020059001208DF8180001A91748A3
:103E1000FDF7B9FB0023012202211448FDF739FC0C
:103E200040F205211148FDF7D0FD012240F20521A5
:103E30000E48FDF78FFD12208DF8000001208DF84F
:103E400001008DF802008DF803006846FCF7B1FF11
:103E500001210648FDF7DDFB0DB000BD000002406A
:103E6000002001401064024028010020002201408F
:103E700000B587B001210846FEF78EF801214807FA
:103E8000FEF7D3F81020059003208DF818000020CD
:103E90008DF81B0005A90A48FDF77CF80020019069
:103EA00002900390049001A9FDF79FFD01210020DD
:103EB000FDF7B8FD00210846FDF702FE07B000BD82
:103EC000000002402DE9F04391B004460D4616462D
:103ED0001F46DDE918894E48844204D9012188052E
:103EE000FEF75AF803E001214805FEF755F8204691
:103EF000FFF738FA00BF2046FFF75DFB0028FAD134
:103F000002950397CDF810800596CDF8189007908C
:103F10004FF4806008904000099080000A904011A2
:103F20000B9000020C9000200D9003200E900020BA
:103F30000F90109002A92046FFF7B6FA38208DF8AE
:103F4000040000208DF805008DF8060001208DF892
:103F5000070001A8FCF72DFF012210212C4810308A
:103F6000FFF769FB39208DF8040000208DF805006B
:103F70008DF8060001208DF8070001A8FCF719FF55
:103F80000122102122482830FFF755FB2149204605
:103F9000FFF798FB20492046FFF794FB11B0BDE8DE
:103FA000F08370B504460D4600212046FFF7B6FAAF
:103FB00000BF2046FFF7FFFA0028FAD12946204625
:103FC000FFF7CDFA01212046FFF7A8FA70BD10B522
:103FD00010490F481030FFF74BFB38B10D490C4822
:103FE0001030FFF76FFB01200C49087010BD10B5B1
:103FF000094907482830FFF73BFB38B10649044818
:104000002830FFF75FFB01200449487010BD000015
:10401000006402402080001000880010380000205A
:1040200010B5044600BF02218248FEF719FB0028A4
:10403000F9D021467F48FEF7CAFA00BF01217D482A
:10404000FEF70EFB0028F9D07A48FEF7BDFA10BD46
:1040500000B587B001210220FDF79EFF01218803F2
:10406000FDF7E3FF4FF42040059002208DF8180083
:1040700000208DF81A0003208DF8190001208DF81A
:104080001B0005A96C48FCF785FF05220D216A4835
:10409000FDF70BF805220F216748FDF706F801210F
:1040A0008803FEF717F800214FF48040FEF712F85E
:1040B0000020ADF800004FF48270ADF802004FF41C
:1040C0000060ADF804000220ADF806000120ADF854
:1040D00008004002ADF80A000020ADF80C00ADF871
:1040E0000E000720ADF8100069465248FEF7F4F8BC
:1040F0004FF4C050059001208DF8180000208DF875
:104100001A0003208DF8190001208DF81B0005A965
:104110004948FCF73FFF4FF4C0514748FCF7B6FF52
:1041200001214448FEF7D2F9FF20FFF779FF07B0DD
:1041300000BD10B5044600BF02214048FEF790FACA
:104140000028F9D021463D48FEF741FA00BF012181
:104150003A48FEF785FA0028F9D03848FEF734FAD5
:10416000C0B210BD00B587B001210220FDF714FFD9
:104170000121C803FDF759FF3820059002208DF872
:10418000180000208DF81A0003208DF81900012076
:104190008DF81B0005A92848FCF7FCFE0622032128
:1041A0002548FCF782FF062204212348FCF77DFF07
:1041B000062205212048FCF778FF402005900120C9
:1041C0008DF8180003208DF8190005A91A48FCF78E
:1041D000E1FE0121C803FDF77DFF00214FF40040FF
:1041E000FDF778FF0020ADF800004FF48270ADF8C5
:1041F00002000020ADF804000220ADF80600012006
:10420000ADF808004002ADF80A000020ADF80C003F
:10421000ADF80E000720ADF8100069460748FEF71C
:104220005BF801210548FEF751F9FF20FFF781FFF8
:1042300007B000BD0038004000040240003C0040D0
:1042400030B589B004460D4601210846FDF7EDFE64
:10425000601E0790681E80B2ADF818000020ADF80F
:104260001A004FF40070ADF8200006A94005FEF7D3
:10427000D4FA6020ADF804000120ADF80600204615
:1042800004EBD071491003910220ADF8100001A990
:104290004007FEF790FB0821C806FEF7E9FC012164
:1042A0008807FEF725FB01218807FEF730FF012173
:1042B0008807FEF73BFB09B030BD3EB505460C460E
:1042C00001211020FDF7B1FE681E0190601E80B232
:1042D000ADF800000020ADF802004FF40070ADF81A
:1042E000080069468948FEF798FA20218748FEF7BA
:1042F000EDFF3EBD7FB505460C4601210420FDF7CC
:1043000094FE1E208DF80C0001208DF80F0003A8EC
:10431000FCF74FFD681E0190601E80B2ADF80000F2
:104320000020ADF80800ADF8020069467848FEF7B5
:1043300074FA01217648FEF7F9FA01221146744811
:10434000FEF70CFF7FBD734890ED000ADFED720AA7
:1043500030EE200A80ED000A70476E4890ED000AAA
:10436000DFED6D0A30EE600A80ED000A70476B48A1
:1043700090ED000ADFED6A0A30EE200A80ED000AB7
:104380007047664890ED000ADFED650A30EE600A7E
:1043900080ED000A704710B501215D48FEF7F5FE7B
:1043A000012803D101215A48FEF700FF10BD1FB5B7
:1043B00001212020FDF739FE4CF24F300290A7205A
:1043C000ADF804000020ADF80C00ADF806008DF843
:1043D0000E0001A95348FEF720FA01215148FEF7CB
:1043E000E5FE012211464F48FEF7B8FE37208DF852
:1043F000000000208DF801008DF8020001208DF8EA
:1044000003006846FCF7D5FC00214648FEF78EFA0B
:104410001FBD00B587B001210846FDF717FE012139
:104420000846FDF7B9FD4FF48050059002208DF845
:10443000180001208DF81B0003208DF8190005A934
:104440003948FCF7A7FD01220C213748FCF72DFE67
:104450004FF6FF7003900020ADF80800ADF8100093
:10446000ADF80A0002A93148FEF7D7F900231A4631
:1044700019462E48FEF71AFF01212C48FEF796FE3A
:10448000012211462948FEF769FE19208DF8040023
:1044900000208DF8050001208DF806008DF807003A
:1044A00001A8FCF786FC00212048FEF73FFA07B080
:1044B00000BD1C481030008800F0010098B11C4875
:1044C0000068401C1A490860084600680B2802D1A1
:1044D00000201849086013481030008820F00100BF
:1044E00010491031088070471048008A00F0010020
:1044F00050B111480068401C0F4908600B48008A01
:1045000020F00100094908827047000000100040B7
:10451000000800403C000020ACC5273744000020C4
:10452000BD37063500140040000002400000014085
:10453000F4000020F8000020EC00002010B586B048
:10454000044601210846FDF727FD01211020FDF753
:104550007DFD4FF4C060049002208DF8140003200C
:104560008DF8150000208DF8160001208DF8170039
:1045700004A95448FCF70EFD072209215148FCF715
:1045800094FD07220A214F48FCF78FFD009400207C
:10459000ADF80400ADF80600ADF80800ADF80C0069
:1045A0000C20ADF80A0069464748FCF71EFE402182
:1045B0004548FCF78AFF01214348FCF79EFE06B000
:1045C00010BD10B586B0044601210420FDF7E4FCBF
:1045D0000121C804FDF729FD4FF44060049002203A
:1045E0008DF8140003208DF8150000208DF81600BA
:1045F00001208DF8170004A93448FCF7CBFC0822F1
:104600000A213248FCF751FD08220B212F48FCF704
:104610004CFD00940020ADF80400ADF80600ADF8A4
:104620000800ADF80C000C20ADF80A0069462848D7
:10463000FCF7DBFD40212648FCF747FF0121244819
:10464000FCF75BFE06B010BD00BF1F49098801F0F2
:1046500040010029F9D01C498880704700BF1C49DF
:10466000098801F040010029F9D01949091D088085
:10467000704710B503460C46002200BF985CFFF758
:10468000E3FF501CC2B2A242F8DB10BD10B50346D6
:104690000C46002200BF985CFFF7E0FF501CC2B23E
:1046A000A242F8DB10BD70B504460D46E0B2FFF73C
:1046B000D5FF00BF40210648FCF7FAFE0028F9D0DC
:1046C000204670BD0000024000100140000802407A
:1046D000004C0040F64A1080921C1180704710B5C3
:1046E0000446F34804800420FBF780FEF048801C59
:1046F000008810BD00BF011EA0F10102D0B2FAD1A6
:104700007047EC480088EA49088070472920E8494A
:10471000088070472820E6490880704730B5841823
:10472000641EA2B2CC18641EA3B2E34C24786CBB06
:10473000E24C248841F66315AC4227D1E04C248832
:10474000A41A241AA0B2CC18641EA3B2DD4C24888B
:10475000D74D2C800412AD1C2C80C4B22C80841840
:10476000641EC4F30F242C808418641EE4B22C80D1
:10477000D54C2488AD1E2C800C12AD1C2C80CCB2E4
:104780002C801C122C80DCB22C8019E0CD4C2488AB
:10479000C74D2C800412AD1C2C80C4B22C80141286
:1047A0002C80D4B22C80C84C2488AD1E2C800C12D6
:1047B000AD1C2C80CCB22C801C122C80DCB22C8046
:1047C00030BD70B5054600240026BB48007801289E
:1047D00005D1BA48008849F24131884208D0B6482C
:1047E0000078F0B9B548008841F66311884218D1C5
:1047F000082D15D2DFE805F00406080A0C0E101289
:1048000006250DE007250BE0042509E0052507E056
:10481000012505E0002503E0032501E0022500BF96
:1048200000BF082D1CD2DFE805F00406090C0F12AA
:10483000151800BF14E044F0800411E044F0400477
:104840000EE044F0C0040BE044F0200408E044F023
:10485000600405E044F0A00402E044F0E00400BF7E
:1048600000BF36269548008849F24131884201D17F
:1048700044F0080421463046FFF72CFF9348038894
:104880008F48028800210846FFF748FF70BD10B529
:1048900004468CBB0020884908708848008849F28B
:1048A0004131884210D12C20824908802A20854934
:1048B00008802B2084490880F020814908804FF42B
:1048C000A0708249088049E07C48008841F6631165
:1048D000884243D12C20774908802B2079490880D1
:1048E0002A20794908804FF4F070754908804FF408
:1048F00048707649088031E0FFE701206E49087072
:104900006E48008849F24131884210D12C20694913
:1049100008802A206B4908802B206B4908804FF4BF
:10492000A07067490880F0206849088016E0634855
:10493000008841F66311884210D12C205D4908801F
:104940002A20604908802B205F4908804FF4487076
:104950005B4908804FF4F0705C4908800020FFF745
:1049600030FF10BD554A128849F241339A4212D1A4
:10497000544A12884E4B1A8002129B1C1A80C2B2F3
:104980001A80514A12889B1E1A800A129B1C1A8098
:10499000CAB21A8042E0494A128841F663139A4229
:1049A0003CD1454A12788AB9454A1288521E121AD9
:1049B00090B2444A12883E4B1A8000229B1C1A80F7
:1049C0001A8002121A80C2B21A8013E03D4A12887D
:1049D000374B1A8002129B1C1A80C2B21A80384AC6
:1049E0001288521EC2F30F221A80354A1278521EC4
:1049F000D2B21A80344A12882D4B1A800A129B1C9C
:104A00001A80CAB21A80314A1288521EC2F30F228B
:104A10001A802E4A1278521ED2B21A8070473EB5C2
:104A200004460D4600200290019000902946204641
:104A3000FFF798FF2E201E490880881C00880290EE
:104A40001E48008841F66311884202D1BDF8080073
:104A50003EBD0220FFF74EFE1548801C00880090E6
:104A6000BDF80800C0B20190BDF804004FF6FF7118
:104A700001EA00200190BDF80800C012C002BDF894
:104A80000410891240EA4110BDF8001040EAE1200C
:104A9000DEE730B504460D4629462046FFF762FFA3
:104AA000FFF72FFE0A4800880149891C088030BDA5
:104AB000FEFF0160540000204E0000204C0000204A
:104AC0005000002056000020580000205200002016
:104AD000480000202DE9FF4F84B081468A4600201F
:104AE000039002900698A0EB09050798A0EB0A0630
:104AF000CDF80490CDF800A0002D01DD012705E0E0
:104B00000DB9002702E04FF0FF376D42002E02DDA5
:104B10004FF0010806E016B94FF0000802E04FF030
:104B2000FF387642B54201DD2C4600E034464FF0B6
:104B3000000B21E0009A91B2019A90B2FFF7A9FF11
:104B40000398284403900298304402900398A042AE
:104B500005DD0398001B03900198384401900298EA
:104B6000A04205DD0298001B02900098404400908E
:104B70000BF101001FFA80FB601C8345DADD08B0F1
:104B8000BDE8F08FF0B504460D4616461F462B468D
:104B9000324629462046FFF79DFF3B4622462946DE
:104BA0002046FFF797FF3B46324639462046FFF73F
:104BB00091FF3B46324629463046FFF78BFFF0BD5A
:104BC00070B505460E46144631462846FFF761FF8C
:104BD000FE480088FE490880881C048070BD2DE9CD
:104BE000FF4F84B081468A46002002908346069893
:104BF000A0EB09050798A0EB0A06CDF80490CDF8C4
:104C000000A0002D01DD012705E00DB9002702E01D
:104C10004FF0FF376D42002E02DD4FF0010806E035
:104C200016B94FF0000802E04FF0FF387642B54267
:104C300001DD2C4600E03446002003901EE0009A7F
:104C400091B2019A90B2119AFFF7BAFF02982844E4
:104C50000290B3440298A04205DD0298001B029026
:104C6000019838440190A34504DDABEB040B009898
:104C7000404400900398401C80B20390611C03984C
:104C80008842DCDD08B0BDE8F08F2DE9F84105462B
:104C90000E4617469846079C33463A463146284604
:104CA0000094FFF79CFF43462A463146284600946D
:104CB000FFF795FF43463A46414628460094FFF7E2
:104CC0008EFF43463A46314638460094FFF787FF49
:104CD000BDE8F881BE21BE4A11800521921C1180D9
:104CE0001146088001211180FF21118000211180CF
:104CF0001180704770B5044600250026B54800882D
:104D0000B549098800FB01F600210846FFF72AFE95
:104D1000FFF7F7FC00BF03E0AD48801C04806D1C6A
:104D2000B542F9D370BD00B59FB001211C20FDF73D
:104D300033F901210846FDF767F908201D9001208D
:104D40008DF8780000208DF87A0002208DF8790027
:104D500001208DF87B001DA9A048FCF71BF94CF23F
:104D600033701D9002208DF8780000208DF87A00B5
:104D700003208DF8790001208DF87B001DA998484B
:104D8000FCF708F94FF680701D9002208DF878002E
:104D900000208DF87A0003208DF8790001208DF82D
:104DA0007B001DA98F48FCF7F5F880201D9002209C
:104DB0008DF8780000208DF87A0003208DF87900B6
:104DC00001208DF87B001DA98548FCF7E3F84FF41E
:104DD00000601D9002208DF8780000208DF87A0088
:104DE00003208DF8790001208DF87B001DA97C48F7
:104DF000FCF7D0F80C2200217948FCF756F90C2278
:104E000001217748FCF751F90C2204217448FCF782
:104E10004CF90C2205217248FCF747F90C220821B5
:104E20006F48FCF742F90C2209216D48FCF73DF967
:104E30000C220A216A48FCF738F90C220E21684836
:104E4000FCF733F90C220F216548FCF72EF90C22F0
:104E500007216448FCF729F90C2208216148FCF776
:104E600024F90C2209215F48FCF71FF90C220A21C2
:104E70005C48FCF71AF90C220B215A48FCF715F98B
:104E80000C2211465748FCF710F90C220D21554809
:104E9000FCF70BF90C220E215248FCF706F90C2204
:104EA0000F215048FCF701F90C2207214C48FCF770
:104EB000FCF80C220B214A48FCF7F7F80F2007906A
:104EC000002008903C20099000200A900B900C9044
:104ED0000D900920009000200190062002900020F3
:104EE00003900490059006900E900F901090102063
:104EF00011900020129014901390159016904FF47A
:104F000080501790002018904FF480401990002096
:104F10001A9007A81B90CDF870D00EA8FEF711FCD0
:104F200001210020FEF798FC3220FBF7A7FA1FB002
:104F300000BDD321264A1180911C08880888088862
:104F40004FF6FF7101EA0020911C09880843704761
:104F500010B5FFF7E8FEFFF7ECFF2349088008468D
:104F6000008849F24131884223D0A12018490880A5
:104F7000881C00881C4908801548801C008808800F
:104F8000084600884FF6FF7101EA002016490880A4
:104F90000F48801C00880988084313490880084688
:104FA000008845F26171884203D141F663100E49D1
:104FB00008800D48008849F2413188422FD10B48C2
:104FC000006820F00F004FF0204111E05400002055
:104FD000FEFF016050000020520000200008024047
:104FE000000C0240001002404C0000201C0100A0F8
:104FF000C1F81C010846D0F81C0120F47060C1F80B
:105000001C010846D0F81C0140F00300C1F81C0147
:105010000846D0F81C0140F40070C1F81C01F948A2
:10502000008849F2413188427ED1CF20F64908807C
:105030000020891C0880C120088030200880ED20D5
:10504000891E08806420891C0880032008801220A3
:10505000088081200880E820891E08808520891C1E
:105060000880102008807A200880CB20891E0880C4
:105070003920891C08802C200880002008803420DA
:10508000088002200880F720891E08802020891CC3
:105090000880EA20891E08800020891C088008807A
:1050A000C020891E08801B20891C0880C120891E01
:1050B00008800120891C0880C520891E08803020B6
:1050C000891C08800880C720891E0880B720891C99
:1050D00008803620891E08804820891C08803A20D4
:1050E000891E08805520891C0880B120891E0880EF
:1050F0000020891C08801A200880B620891E08809C
:105100000A20891C0880A2200880F220891E0880BD
:105110000020891C08802620891E08800120891C07
:105120000880E020891E00E05FE008800F20891CD5
:1051300008802A20088028200880082008800E2067
:1051400008800820088054200880A9200880432077
:1051500008800A2008800F2008800020088008802E
:1051600008800880E120891E08800020891C0880B2
:10517000152008801720088007200880112008804B
:10518000062008802B200880562008803C200880BC
:1051900005200880102008800F2008803F2008800C
:1051A00008800F2008802B20891E08800020891C81
:1051B00008800880012008803F2008802A20891E5E
:1051C00008800020891C088008800880EF20088063
:1051D0001120891E08807820FBF750F929208A4980
:1051E000088001208949086098E08648008841F6D7
:1051F00063118842F8D1E220834908801D20891C70
:10520000088002200880042008806420FBF7EEF864
:10521000E0207D4908800120891C08800A20FBF7D6
:105220002DF9E020784908800320891C08800C2093
:10523000FBF724F90120744908800A20FBF71EF9C6
:10524000E620714908802F20891C0880FF200880F3
:105250000880B020891E08802020891C088000203A
:1052600008800320088040F21F3008800120088059
:1052700040F2DF10088000200880B420891E0880DA
:105280000420891C088040F21F400880002008800C
:105290002E20088000200880088008800880B62022
:1052A000891E08800220891C08804FF40370088042
:1052B0000020088017200880152008800020088022
:1052C0000880F020891E08800320891C088029207E
:1052D000891E0880D02008800020891C0880BE20FC
:1052E000891E08800520891C0880FE200880012076
:1052F00008800020088008800880B820891E088067
:105300000320891C088001200880BA20891E08809B
:105310000120891C0880FF20FFF7DCFC0020FFF73C
:10532000B6FA4FF6FF70FFF7E5FC10BD2DE9F04F20
:1053300005460E4617469846DDF824A04FF0000BB0
:10534000781B401C1FFA80FB344614E02146284697
:10535000FFF708FBFFF7D5F94FF0000907E02A48EF
:10536000801CA0F800A009F101001FFA80F9D945BE
:10537000F5DB601C84B24445E8DDBDE8F08F2DE923
:10538000F84F07460D4690469946DDF828B0A8EB41
:105390000700401C80B20090A9EB0500401C1FFADA
:1053A00080FA002416E0281981B23846FFF7DAFAAD
:1053B000FFF7A7F9002608E004FB0A603BF810009D
:1053C0001149891C0880701C86B200988642F3DB64
:1053D000601C84B25445E6DBBDE8F88F2DE9FF4F31
:1053E000074616461C46BB460C2C01D1984611E0D8
:1053F000102C01D1A0460DE0182C09D14FF0300837
:1054000008E000004C000020FEFF01608C024142D9
:10541000BDE8FF8FA6F12000C6B2002548E00C2CA5
:1054200007D106EB4600914901EB800010F805908A
:1054300010E0102C05D18E4800EB061010F80590F6
:1054400008E0182C06D106EB46008A4901EB001053
:1054500010F805904FF0000A24E009F0010030B187
:105460008548028838460199FFF7AAFB05E0834882
:10547000028838460199FFF7A3FB4FEA6909781CB7
:1054800087B2A7EB0B0104EBD472B1EB620F05D12D
:105490005F460198401C80B2019006E00AF10100CD
:1054A00000F0FF0ABAF1080FD7DB00BF681CC5B2D5
:1054B0004545B4DB00BFABE7F0B506460F461546E1
:1054C0001C4611E022782B4639463046FFF786FF0E
:1054D000284605EBD07106EB61018EB26848008862
:1054E000864200DB06E0641C2078202802DB20785E
:1054F0007E28E7DD00BFF0BD2DE9F04F04460D46E4
:1055000016461F46DDE909895B48B0F800A05B48F4
:10551000B0F800B05848A0F800805848A0F80090B3
:105520003B46324629462046FFF7C6FF5248A0F8C0
:1055300000A05248A0F800B0BDE8F08F10B50246B8
:105540000120134605E001F0010404B1584349105D
:105550005B430029F7D110BD2DE9FF4F81B007460D
:1055600090461E460E9CC3464FF0000906E00A20F6
:10557000BBFBF0FB09F1010000F0FF09BBF1000FDC
:10558000F5D1B14508DD3FA3224638460299FFF721
:1055900093FF05B0BDE8F08F00253CE0A6EB0900C5
:1055A000A8421BDD0F9860B104EBD471491001FBD8
:1055B000057188B22346302200940299FFF70EFF4E
:1055C00027E004EBD471491001FB057188B2234632
:1055D000202200940299FFF701FF1AE0701B401E81
:1055E000C1B20A20FFF7AAFFB8FBF0F00A21B0FB16
:1055F000F1F201FB120A04EBD471491001FB0571B1
:1056000088B20AF13001CAB2234600940299FFF72A
:10561000E5FE681CC5B2B542C0DB00BFB9E72DE9A5
:10562000FF4F82B004460D461646DDE91189109FF2
:105630001148B0F800A01148B0F800B00E48A0F82A
:1056400000800E48A0F800900F98CDE90007324680
:1056500029462046059BFFF77FFF0748A0F800A0DA
:105660000648A0F800B006B0BDE8F08FDCC700081F
:1056700050CC000840D20008480000204A0000201A
:10568000500000204552524F5200000010B5002437
:105690000020FA4908609020FEF74BFD0020FEF73D
:1056A00048FD0020FEF745FD0020FEF742FDFF20EB
:1056B000FEF73FFD44EA0024FF20FEF73AFD0443D5
:1056C0000120EF49C1F89802204610BD1CB5012108
:1056D0000220FCF761FC4020009001208DF80400BE
:1056E00000208DF8060003208DF8050001208DF8BC
:1056F00007006946E348FBF74DFC0120DF490860DD
:10570000FEF730FDFFF7C2FFDF4908801CBD10B572
:1057100000240020D94908600520FEF70AFDFF207B
:10572000FEF707FD04460120D549C1F8980220463E
:1057300010BD10B504460020D04908600120FEF7D6
:10574000F8FC2046FEF7F5FC0120CD49C1F898028F
:1057500010BD10B50020C94908600620FEF7E9FC1D
:105760000120C749C1F8980210BD10B500BFFFF76E
:10577000CEFF00F001000028F9D110BD10B50020C7
:10578000BE4908600420FEF7D4FC0120BC49C1F8E2
:10579000980210BD10B5FFF7DCFFFFF7E6FF002011
:1057A000B6490860C720FEF7C4FC0120B449C1F81F
:1057B0009802FFF7DAFF10BD10B504462403FFF787
:1057C000C8FFFFF7D2FF0020AC4908602020FEF799
:1057D000B0FCC4F30740FEF7ACFCC4F30720FEF7AF
:1057E000A8FCE0B2FEF7A5FC0120A549C1F898028B
:1057F000FFF7BBFF10BD10B50020A0490860B9201D
:10580000FEF797FC01209E49C1F898020320FAF7A1
:10581000EDFD10BD10B5002098490860AB20FEF7E3
:1058200088FC01209649C1F898020320FAF7DEFDB2
:1058300010BD70B505460C46164600208F4908601D
:105840000320FEF776FCC4F30740FEF772FCC4F3B6
:105850000720FEF76EFCE0B2FEF76BFC04E0FF20D1
:10586000FEF767FC28706D1C301EA6F101018EB298
:10587000F5D101208149086070BD70B505460C4620
:105880001646FFF766FF00207C4908600220FEF7FD
:1058900050FCC4F30740FEF74CFCC4F30720FEF7AE
:1058A00048FCE0B2FEF745FC03E02878FEF741FC37
:1058B0006D1C301EA6F101018EB2F6D101206F4998
:1058C0000860FFF752FF70BD2DE9F05F07460E46F6
:1058D00014464FF00008C146C2460025AB4606F00C
:1058E000FF0ACAF10000C5B22046E11704EB1161BE
:1058F000C1F30728E11704EB11610912A4EB0121A0
:1059000001F0FF09BAF1000F20D1B8F1000F05D165
:10591000224631463846FFF7B0FF64E009E04FF415
:10592000807231463846FFF7A8FF06F5807607F506
:105930008077B8F10000A8F1010101F0FF08EED175
:105940004A4631463846FFF798FF4CE0B8F1000F61
:1059500018D1A94510DDA9EB050000F0FF0B2A4680
:1059600031463846FFF789FF2E442F445A463146C8
:105970003846FFF782FF36E0224631463846FFF7C9
:105980007CFF30E0601B84B22046E11704EB11611C
:10599000C1F30728E11704EB11610912A4EB0121FF
:1059A00001F0FF092A4631463846FFF766FF2E44CC
:1059B0002F4409E04FF4807231463846FFF75DFF0F
:1059C00006F5807607F58077B8F10000A8F10101AF
:1059D00001F0FF08EED1B9F1000F04D04A4631467C
:1059E0003846FFF74AFFBDE8F09F2DE9F05F81469A
:1059F0000F4616460025DFF894B04FEA1738C7F374
:105A00000B0ACAF58054A64200DC34464FE04FEA48
:105A100008314FF480525846FFF70BFF002504E091
:105A2000681C85B2A54200D105E00AEB05001BF811
:105A30000000FF28F4D000BFA54216DA4046FFF769
:105A4000BBFE002507E019F8050005EB0A010BF87D
:105A50000100681C85B2A542F5DB4FEA08314FF41E
:105A600080525846FFF730FF04E022463946484648
:105A7000FFF72AFFA6420BD11AE0000098824042AD
:105A800000804042000402405A0000208C41002067
:105A900008F101084FF0000AA1442744301B86B2E8
:105AA000B6F5805F02DD4FF4805400E03446AEE787
:105AB00000BFBDE8F09F00001CB501210220FCF7EB
:105AC0006BFA4FF46070009001208DF80400002004
:105AD0008DF8060003208DF8050001208DF80700E1
:105AE00069460448FBF756FA4FF460710148FBF72A
:105AF000CDFA1CBD000402401CB501210D20FCF7AD
:105B00004BFA4C20009000208DF8040003208DF803
:105B1000050001208DF8070069463D48FBF73AFA79
:105B20004FF48050009069463A48FBF733FA4FF43F
:105B30000040009069463848FBF72CFA1CBD002154
:105B4000364A11703649096871B135490C3909680E
:105B500051B133491039096831B13249096819B175
:105B600031490968002942D12D49096819B9012133
:105B70002E4A11701CE02A490C39096819B9022112
:105B80002A4A117014E026491039096819B903210D
:105B9000264A11700CE02349096819B90421234AE7
:105BA000117005E02049096811B905211F4A1170DB
:105BB0001E4909781E4A1278914210D11D49098860
:105BC000491C1C4A1180194909781B4A1170E8B90F
:105BD00018490988012919DD0021117016E00021FA
:105BE000144A118011490978114A11700EE01149C7
:105BF0000988022903DD0D490978084A117000213E
:105C00000B4A11700B4A11800B4A1170704700004B
:105C1000000C024000080240000002406100002029
:105C200018824142300241423C024042640000205E
:105C300065000020620000206000002010B5F848D8
:105C4000008849F24131884201D101F076FA10BD55
:105C500010B54FF6FF70FFF74DF81F20F14908808F
:105C6000F14A1288123A91B2F04A1288283A90B258
:105C7000EFA31022FFF720FC4FF47840E949088099
:105C800010BD2DE9F04106460D4617460024E548B3
:105C9000078000BF18E0281981B23046FEF7F9FEF0
:105CA0002A1991B2721C90B2FEF7F3FE2A1991B232
:105CB000B21C90B2FEF7EDFE2A1991B2F21C90B21E
:105CC000FEF7E7FE601CC4B2042CE4DBBDE8F08103
:105CD0001CB500BF4FE0D848006818B10020D74974
:105CE000086002E00120D5490860002001F0B9F900
:105CF000D3480088CD49098888421EDAD1480088F7
:105D0000C9490988884218DAC84800882838CC4927
:105D10000988884209DAC44800881238C9490988C4
:105D2000884202DAFFF794FF07E04FF47842C54853
:105D30000188C3480088FFF7A4FF01201021052334
:105D4000CDE90010BE4802880A210846FFF704FC8E
:105D5000012010210523CDE90010BA4802880A214C
:105D60009620FFF7F9FB4FF47842B6480188B44813
:105D70000088FFF786FFAEE700211CE0B1480088ED
:105D8000B14A1278904214DDAE480088AF4A1278CA
:105D900090420EDAAE48405CA94A1288904208DA76
:105DA000AC48405CA64A1288904202DDAA48405C9A
:105DB0007047481CC1B2A94800788142DEDB00BFB1
:105DC000F6E738B500240DE00020A24900900A5DF6
:105DD0009F49085D9D490B789B490978FEF755FF5F
:105DE000601CC4B29D4800788442EDDB002001F0C5
:105DF00038F9FFF7C1FF9A490870002429E0964856
:105E0000005D97490978884221D19648047096A18F
:105E1000984804F029F992490978123988B2954BCB
:105E20000C22954909780A31FFF746FB8D48027824
:105E300092A1904804F018F989490978123988B27A
:105E40008C4B0C228C4909781431FFF735FB601C10
:105E5000C4B2824800788442D1DB38BD10B500203E
:105E600047E0002142E001EB81020C2303EBC20278
:105E700000EB4003834C04EB031301EB410423F8D4
:105E80002420C0EB001202EB4202783200EB400308
:105E90007C4C04EB031301EB410403EB84035A80B5
:105EA000232200EB4003774C04EB031301EB410486
:105EB00003EB84039A80282200EB4003714C04EB2F
:105EC000031301EB410403EB8403DA806E4A02EB17
:105ED000001252F8212000EB40036A4C04EB03133C
:105EE00001EB410403EB84039A60491C0429BADBEB
:105EF000401C0428B5DB4B216248A0F8A01010BD5F
:105F000010B562A1634803F09DFAB7EE000A61483C
:105F100080ED030A9FED600A80ED040A9FED5F0AA1
:105F200080ED050A5EA1183003F08CFA5DA1594896
:105F30001E3003F087FA5FA15648503003F082FA12
:105F4000B0EE000A534880ED170AB7EE000A80ED64
:105F5000180AB0EE080A80ED190A58A1683003F05B
:105F600071FA57A14B486E3003F06CFA5BA14948B7
:105F7000A03003F067FA9FED5B0A464880ED2B0ADC
:105F80009FED590A80ED2C0A9FED580A80ED2D0AED
:105F900057A1B83003F056FA56A13E48BE3003F080
:105FA00051FA5BA13B48F03003F04CFA9FED5B0ADD
:105FB000384880ED3F0A9FED4D0A80ED400A9FED85
:105FC000580A80ED410A57A100F5847003F03AFAAF
:105FD00055A1594803F036FA58A15748323003F01A
:105FE00031FA9FED590A2B4880ED530A9FED570A6D
:105FF00080ED540A9FED560A80ED550A49A100F53F
:10600000AC7003F01FFA48A14B48503003F01AFA65
:1060100010BD10B5FFF774FFFFF720FF10BD0000A3
:106020004C000020480000205200002050000020BA
:10603000436C65617200000010024142A48240423C
:10604000C8000020CA0000206D000020720000205F
:10605000690000206E00002073000020680000200E
:106060007800002079000020484920546865726556
:10607000000000002841002077000020666C616766
:106080003A25640030530020840000205365744694
:10609000726571008C510020CDCCCC3D00808944CC
:1060A0004B487A00536574206672657175656E633E
:1060B00079000000536574416D70000056707000E7
:1060C0005369676E616C207065616B2D746F2D7004
:1060D00065616B2076616C7565000000416D7042F2
:1060E00069617300000000000000C8C20000C842DF
:1060F00064697600436F6D70656E736174696F6E6D
:1061000020616D706C6974756465206269617300EB
:1061100053574545505F5354415254000000FA43D1
:106120000000FA44487A0000537461727420667269
:10613000657175656E6379009A5200205357454525
:10614000505F454E440000000024744800401C4647
:106150000024744900B589B0FC4AFDA103A803F0EE
:1061600083FF4FF6FF70002103AB1022CDE9001032
:106170005A210A20FFF7C0F909B000BD00B52DED86
:10618000048BB1B0F448006800EB8000F34A02EBE6
:106190000011502204A803F024F94FF6FF70772372
:1061A000B322002100900846FFF7C0F804AAECA132
:1061B00018A803F059FF18AB102205210846FFF775
:1061C0007BF99DED070A10EE101A084603F008FB54
:1061D00041EC180B0AA853EC182BE4A1009018A866
:1061E00003F042FF18AB102219210520FFF764F9D4
:1061F0009DED090A10EE101A084603F0F1FA41EC81
:10620000180B9DED080A10EE101A084603F0E8FA84
:1062100041EC190B0AA802908DED008B53EC192B61
:10622000D6A118A803F020FF18AB0C222D210520C1
:10623000FFF742F90DF12E030C223C210520FFF758
:106240003BF96923AF2255210520FEF79BFCFFF7A0
:1062500081FF31B0BDEC048B00BD10B52DED048B7A
:106260000446CCA1204603F0DFF8002869D1CA48D3
:106270000068002864DDB54803F036FFB0EE408AC0
:10628000F0EE608AB448006800EB8000B34A02EB8D
:10629000001090ED040A10EE101A084603F0A0FA60
:1062A00041EC190B53EC182B03F0C6FA10D2AA4894
:1062B000006800EB8000A94A02EB001090ED040A90
:1062C00010EE101A084603F08BFA41EC180B24E08C
:1062D000A148006800EB8000A04A02EB001090ED9E
:1062E000050A10EE101A084603F07AFA41EC190B71
:1062F00053EC182B03F088FA0FD29748006800EB94
:106300008000964A02EB001090ED050A10EE101A7C
:10631000084603F065FA41EC180B51EC180B03F03A
:10632000A3FA8D49096801EB81018C4A02EB011146
:10633000C86000209849086084490870FFF71EFF74
:1063400045E096A1204603F06FF838B90020924945
:1063500008607E490870FFF7FDFE38E090A12046F6
:1063600003F062F890B98C48006880BB2D218A4800
:1063700002680068401C884B1860744881540021F2
:106380001A4612688154FFF7E5FE20E08248006853
:1063900013281CD283A1204603F046F838B92E21D9
:1063A0006A4803F030F810B1BDEC048B10BD2178C1
:1063B000794802680068401C774B18606348815434
:1063C000002062491A4612688854FFF7C3FE00BFD6
:1063D000EAE72DE9F04F85B004460D460026EDE0D2
:1063E0000027E7E006EB46006F4901EB001007EBE2
:1063F000470100EB810207CA02AB07C36BA10498F7
:1064000003F012F800B9D4E0BDF80800A0427DDA2C
:10641000BDF80800BDF80C100844A04276DDBDF8B8
:106420000A00A842F3DABDF80A00BDF80E100844CD
:10643000A842F3DD47F6EF300090BDF80AC0BDF882
:106440000E90CC441FFA8CF3BDF808C0BDF80C9038
:10645000CC441FFA8CF2BDF80A10BDF80800FEF714
:1064600065FF049802F0D9FFBDF80CA00AEBDA71C1
:10647000BDF8082002EB6101A1EB80001FFA80FB50
:1064800047F6EF300021CDE90010BDF80E9009EB82
:10649000D970BDF80A2002EB6000083881B21022E2
:1064A0005846049BFFF728F86420F9F7E7FF0498A3
:1064B000FFF7D3FE4BF6F75836A1049802F0B4FF6D
:1064C00008B945F69B6835A1049802F0ADFF08B9FC
:1064D0004FF6CD28CDF80080BDF80AC0BDF80E906B
:1064E000CC441FFA8CF3BDF808C0BDF80C90CC4426
:1064F0001FFA8CF2BDF80A10BDF80800FEF716FF6F
:10650000049802F08AFFBDF80CA000E050E00AEB0E
:10651000DA71BDF8082002EB6101A1EB80001FFADF
:1065200080FB0020CDE90008BDF80E9009EBD97082
:10653000BDF80A2002EB6000083881B210225846EC
:10654000049BFEF7D9FF05B0BDE8F08F1C53002077
:10655000252D3139730000007C0000208C51002073
:10656000506172616D3A20257300000056616C75B0
:10657000653A20252E3466202573000052616E672F
:10658000653A20252E326620746F20252E32662033
:10659000257300004F4B00008000002043000000E6
:1065A0002D0000002E0000003053002020000000CD
:1065B00000BF7F1C042FFFF615AF761C042EFFF6DC
:1065C0000FAF00BF05B0BDE8F08F2DE9FC413B24C3
:1065D000002651E006FB04F085B2FE4800688642C2
:1065E0001FD11F2000902819401E83B2F022294697
:1065F000B520FEF79BFE1F204FF6FF712746CDE921
:10660000001004EBD77005EB6000083881B206EB90
:106610008600F14A02EB00131022B920FEF76CFF4E
:106620001FE04FF6FF7000902819401E83B2F02241
:106630002946B520FEF77AFE4FF6FF700021274667
:10664000CDE9001004EBD77005EB6000083881B28B
:1066500006EB8600E04A02EB00131022B920FEF799
:106660004BFF2819401E83B22819401E81B2F02228
:10667000B420FEF72FFA761C052EABDBBDE8FC81BB
:106680002DE9F04107460D463B2695FBF6F4002C1C
:1066900013DB052C11DACF480068A0420DD0CD489D
:1066A00004600020CD490860CD490870FFF78DFFD8
:1066B000CC48007808B9FFF761FDBDE8F08110B55E
:1066C000C948006850BB0A20F9F7D8FEC6480068E0
:1066D00020BB002000F0C5FCC4480088F02818DA70
:1066E000C3480088B0F5A07F13DAC0480088B428FA
:1066F00006DBBF480188BD480088FFF7C1FF08E0FE
:10670000B848007828B9BA480188B8480088FFF727
:1067100060FE00BFB44800680028FBD010BD10B573
:1067200090B0AFF2B464AF48007805280ED2DFE82D
:1067300000F0030507090B00AEA407E0B2A405E0D2
:10674000B4A403E0B8A401E0BBA400BF00BF23468B
:10675000A4480278BDA103A803F086FC4CF659605A
:106760004FF4A073F02240F2271100900020FEF7B2
:10677000DDFD40F22713F02219460020FEF7AAF9AA
:106780004CF65960002103AB1022CDE900104FF404
:1067900096710A20FEF7B0FE10B010BD00B52DEDC9
:1067A000028B8FB04FF6FF7040F22713B322002107
:1067B00000900846FEF7BAFD4FF6FF700021A6A331
:1067C0001022CDE900100A210846FEF795FEA748E1
:1067D00090ED000A10EE101A084603F001F841ECA3
:1067E000180B53EC182BA2A102A803F03DFC02AB3E
:1067F00010223C211420FEF75FFE9C4890ED010A18
:1068000010EE101A084602F0EBFF41EC180B53ECA7
:10681000182B9AA102A803F027FC02AB10225521E5
:106820001420FEF749FE914890ED020A10EE101A6E
:10683000084602F0D5FF41EC180B53EC182B92A13F
:1068400002A803F011FC02AB10226E211420FEF707
:1068500033FE864890ED040A10EE101A084602F046
:10686000BFFF41EC180B53EC182B8AA102A803F0D0
:10687000FBFB02AB102291211420FEF71DFE7B488A
:1068800090ED050A10EE101A084602F0A9FF41EC3F
:10689000180B53EC182B82A102A803F0E5FB02AB06
:1068A0001022AA211420FEF707FE0FB0BDEC028BC8
:1068B00000BD10B540F22713B42200211046FEF7A8
:1068C00009F9FFF782FE10BD38B504464FF6FF7098
:1068D00040F22713B322002100900846FEF726FD60
:1068E0002346182296211420FEF7E6FD38BD2DE937
:1068F000F04385B00024E4E00025DEE004EB440032
:106900006A4901EB001005EB450100EB810207CA63
:1069100002AB07C3AFF26C31049802F085FD00B9F9
:10692000CAE04BF6F756AFF29431049802F07CFDC2
:1069300008B945F69B66AFF29C31049802F074FDED
:1069400008B94FF6CD260096BDF80A70BDF80EC006
:106950006744BBB2BDF80870BDF80CC06744BAB25A
:10696000BDF80A10BDF80800FEF7E0FC48F2304020
:106970000090BDF80A70BDF80EC06744BBB2BDF808
:106980000870BDF80CC06744BAB2BDF80A10BDF873
:106990000800FEF77AF9049802F03FFDBDF80C807C
:1069A00008EBD871BDF8082002EB6101A1EB800073
:1069B0001FFA80F90020CDE90006BDF80E7007EB44
:1069C000D770BDF80A2002EB6000083881B21022AF
:1069D00048466DE07C0000208C51002080000020A3
:1069E0001C5300207A00002010024142C800002001
:1069F000CA000020506172616D6574657220536534
:106A00007474696E67730000444453204F7574704A
:106A1000757400004C6561726E696E672053746115
:106A200072742E2E2E0000004C6561726E696E67C6
:106A300020446F6E6500000053696D756C61746968
:106A40006F6E20537461727400000000464C414721
:106A50002025643A20257300B7C2D5E6C4A3CABD79
:106A6000202D20494952CFB5CAFD00000001002069
:106A700062303A20252E36660000000062313A204E
:106A8000252E36660000000062323A20252E36663A
:106A90000000000061313A20252E3666000000001B
:106AA00061323A20252E3666000000003053002067
:106AB000049BFEF721FD00BF6D1C042DFFF61EAFE9
:106AC000641C042CFFF618AF05B0BDE8F08310B5C8
:106AD000FFF754FBFFF70BFF10BD10B5BF48007860
:106AE000032803D04FF6FF70FEF704F9BB48007887
:106AF00005281BD2DFE800F003080E121500FFF78F
:106B0000D8FEFFF7E4FF11E0FFF7D3FEB4A0FFF7D4
:106B1000DBFE0BE0B6A0FFF7D7FE07E000F08BFF2F
:106B200004E0FFF7C6FEFFF739FE00BF00BFAB4829
:106B30000078032801D0FFF7F2FD10BDA7490978BE
:106B4000814204D0A54908700121AF4A11707047F5
:106B5000B0EE401AB3EE040AF4EEC00AF1EE10FAF9
:106B600002DD9FEDAA0A7047A94A128800EE102A9A
:106B7000B8EE400AB4EEC10AF1EE10FA08DBA44AFE
:106B8000128800EE102AB8EE400AB0EE401A12E069
:106B90009F4A528F00EE102AB8EE400AB4EEC10AA6
:106BA000F1EE10FA07D89A4A528F00EE102AB8EE8A
:106BB000400AB0EE401A974A128800EE102AB8EE4A
:106BC000400AB4EEE00AF1EE10FA08DB914A1288AE
:106BD00000EE102AB8EE400AF0EE400A12E08D4AAC
:106BE000928A00EE102AB8EE400AB4EEE00AF1EE06
:106BF00010FA07D8874A928A00EE102AB8EE400AA7
:106C0000F0EE400A00210FE0814B4A1C33F81220BD
:106C100000EE102AB8EE400AB4EEC10AF1EE10FA06
:106C200000DD03E04A1CD1B21D29EDDB00BF0020CE
:106C30000FE0784B421C33F8122000EE102AB8EE19
:106C4000400AB4EEE00AF1EE10FA00DD03E0421C67
:106C5000D0B20A28EDDB00BF6D4A32F8112000EEF9
:106C6000102AB8EE400AB4EE410AF1EE10FA19D13A
:106C7000684A32F8102000EE102AB8EE400AB4EE4E
:106C8000600AF1EE10FA0DD101EB410202EBC102F4
:106C9000614B03EB420232F8102000EE102AB8EEEE
:106CA000400A60E700BF5EE710B50120FEF747FF2E
:106CB0005A48007800B910BD58480078052807D117
:106CC0000020FFF73BFF00215548FAF7A2FC63E0E4
:106CD00052480078042841D14048007801285BD010
:106CE000504890ED171AF2EE041A21EE211AF0EE38
:106CF000410A90ED031ADFED4C1A21EE211AB0EE95
:106D0000410AFFF725FF494880ED000A454890ED0C
:106D10002B0A4648D0ED000A30EE200A80ED000A2A
:106D2000014691ED000ABCEEC00A10EE101A88B2BE
:106D300000F014FC3B4890ED030ADFED3B0A20EE27
:106D4000200ABCEEC00A10EE101A01230022032014
:106D500000F01EFB0120FFF7F1FE1DE02F48007838
:106D600003280AD11D480078B0B90220FFF7E6FEDB
:106D700000212B48FAF74DFC0EE028480078022845
:106D80000AD116480078042806D00420FFF7D6FE62
:106D900001212348FAF73DFC00202049087000BF7C
:106DA00089E710B5FFF780FF0C480078022804D16E
:106DB00000F02AFE0320FFF7C1FE1348007820B13F
:106DC000FFF78BFE0020104908700448007808B9CE
:106DD000FFF775FC1420F9F751FB10BD7A00002075
:106DE000444453204F7574707574204D6F64650072
:106DF0004C6561726E696E6720696E2070726F6794
:106E0000726573732E2E2E007B00002000C0B244EA
:106E100010E400084CE4000862E400086000002070
:106E2000002201408C51002000007A44C400002060
:106E300070B50446002500BF17E004F0800018B1CB
:106E40000120F449086002E00020F2490860600671
:106E5000040E0020F04908600120F9F7C7FA01206C
:106E6000EE49C1F89402681CC5B2082DE5DB70BD7F
:106E700070B50646002500240020E7490860E8496F
:106E8000C1F88402E349091F08603046FFF7D0FFCC
:106E90000620F9F7ABFA0020E049C1F8940201207E
:106EA000F9F7A4FA0120DC490860F9F79FFA0020FD
:106EB000DA49C1F8940200BF15E04FF6FF7000EA0E
:106EC00044040020D44908600120F9F78FFA01201A
:106ED000D249C1F89402CF487C38006808B1601CE0
:106EE00084B2681CC5B2102DE7DB24110120C9490A
:106EF000091F0860204670BD2DE9FE43804600272B
:106F0000002406E04046FFF7B3FF2DF81400601C94
:106F100084B2052CF6DB002416E0601C85B20FE07D
:106F20003DF814003DF81510884207DD3DF8146067
:106F30003DF815002DF814002DF81560681C85B279
:106F4000052DEDDB601C84B2042CE6DB0027012458
:106F500005E03DF81400384487B2601C84B2042C6C
:106F6000F7DB032097FBF0F086B23046BDE8FE83E6
:106F70002DE9F04104460D46AA480078FFF7BCFF12
:106F80000646A9480078FFF7B7FF0746322E01DB17
:106F9000322F02DA0020BDE8F08126802F80012008
:106FA000F9E77FB504460D4602A903A8FFF7E0FF05
:106FB000064616B9002004B070BD694601A8FFF767
:106FC000D7FF06460EB90020F5E7BDF80400BDF86E
:106FD0000C10884206DCBDF80C10BDF804003230FD
:106FE00081420CDBBDF80C00BDF80410884236DC91
:106FF000BDF80410BDF80C00323081422FDABDF824
:107000000000BDF80810884206DCBDF80810BDF885
:107010000000323081420CDBBDF80800BDF80010E2
:1070200088421CDCBDF80010BDF8080032308142F7
:1070300015DABDF80C10BDF80420881800EBD071EB
:10704000C1F34F012180BDF80810BDF80020881859
:1070500000EBD071C1F34F0129800120ABE7002084
:10706000A9E710B504464FF6FF70704908807049D3
:107070000880694884380068002848D124B16D49E7
:107080006D48FFF78EFF34E06A496B48FFF789FFD0
:1070900078B36A48B0F9000000EE100AB8EEC00AF2
:1070A000674890ED001A6448008800EE900AF8EEF8
:1070B000600A01EE200ABCEEC00A10EE100A5E491A
:1070C00008806048B0F9000000EE100AB8EEC00A6F
:1070D0005D4890ED001A5748008800EE900AF8EEDF
:1070E000600A01EE200ABCEEC00A10EE100A5149F7
:1070F000088051480088554908804E480088544906
:10710000088054480078401C5249087014E05148E7
:107110000078022807DD484800884449088045482F
:1071200000884349088000204A4908704FF6FF70E4
:10713000464908804649088010BD1CB5012127201A
:10714000FAF72AFF1020009000208DF80400032099
:107150008DF8050069464048F9F71CFF04200090AF
:1071600000208DF804008DF8060003208DF805003E
:1071700001208DF8070069463848F9F70BFF4FF4F6
:107180000060009069463648F9F704FF032000903C
:1071900001208DF8040069463048F9F7FBFE2020F5
:1071A000009069462C48F9F7F5FE2E480078C0B1EA
:1071B00090201C490870D0201B4908709FED2A0AB6
:1071C0001F4880ED000A9FED290A1F4880ED000A44
:1071D0004FF4AE70194908806FF012001949088009
:1071E00016E0D0200F49087090200F4908709FEDDD
:1071F000200A134880ED000A9FED1E0A124880ED18
:10720000000A6FF00A000D490880C01F0D49088070
:107210001CBD000084824042940241420000414271
:1072200000804042D0000020D1000020CC0000208F
:10723000CE000020E2000020E0000020DC00002062
:10724000D4000020DE000020D8000020C80000206C
:10725000CA000020E40000200008024000040240B0
:10726000001402404E0000206452BCBD7BF5893DF5
:10727000DA9F883D3ABABA3D30B52DED028B8BB01E
:1072800004460D46B0EE408A01210220FAF7CDFEF9
:1072900001210420FAF780FE022206212948F9F78D
:1072A00004FF4020099002208DF8280003208DF86B
:1072B000290000208DF82A0001208DF82B0009A953
:1072C0002048F9F767FEA8B2ADF818000020ADF825
:1072D0001A000794ADF8200006A91B48FBF79DFA99
:1072E0006020ADF804000120ADF806000220ADF8E2
:1072F0001000B7EE000A70EE480A601C00EE100A9B
:10730000B8EE401AB7EE000A11EE200ABCEEC00A31
:107310008DED030A01A90C48FBF714FB08210A486C
:10732000FBF79DFC01210848FBF7E2FA0121064822
:10733000FBF7FCFA01210448FBF7E9FE0BB0BDECBA
:10734000028B30BD000802400004004010B5FCF77D
:107350007FFE10BD70B505460C46012C0AD10020F9
:10736000424908602846FCF75BFE01204049C1F80D
:10737000AC020CE0022C0AD100203C49091D086037
:107380002846FCF74DFE01203949C1F8B00270BD16
:107390002DE9F04707460C461546984641464FF4FE
:1073A0008070FFF7D7FF41464FF40450FFF7D2FF3C
:1073B0004FF00009CA4600EE104AB8EE400ADFED71
:1073C0002D0A80EE201A9FED2C0A21EE000ABCEE59
:1073D000C00A10EE109A00EE105AB8EE400A9FED67
:1073E000271AC0EE010A9FED260A20EE800ABCEEA5
:1073F000C00A10EE100A1FFA80FAC9F30D0141F419
:1074000080404146FFF7A6FF4FF4804141EA9931A1
:1074100088B24146FFF79EFFCAF30B0141F440409A
:107420004146FFF797FF0026012F04D0022F0AD014
:10743000032F16D10FE042F2280146EA010041462F
:10744000FFF788FF0EE042F2020146EA01004146E2
:10745000FFF780FF06E046F400504146FFF77AFF51
:1074600000E000BF00BFBDE8F0870000AC824042F2
:107470000080404220BCBE4B0000804D0000B44361
:107480000000804570B5044601203E490860F8F7C9
:10749000ADFF00203C49C1F8B8020120F8F7A6FF73
:1074A00000251DE0002037493839086004F40050F9
:1074B00018B10120091F086003E0002031493C3960
:1074C00008600120F8F792FF4FF6FF7000EA4404CD
:1074D00001202C4938390860F8F788FF681CC5B2CC
:1074E0000E2DDFDB0120F8F781FF01202549091F60
:1074F0000860F8F77BFF00202349C1F8BC0270BD8B
:1075000010B504462046FFF7BDFF0120F8F76EFFD7
:1075100010BD1CB501210420FAF73EFD4CF203001A
:10752000009001208DF8040000208DF80600022054
:107530008DF8050000208DF8070069461348F9F71B
:1075400029FD01200F49091F08600F49C1F8840275
:1075500000200C490860FFF795FF1CBD10B50446DC
:1075600044F40050FFF78EFF0120F8F73FFF10BDF5
:1075700010B5044644F44050FFF784FF0120F8F7AB
:1075800035FF10BDBC0241420000414200080240EC
:1075900010B52DED028B8EB0002017E000EB4001FE
:1075A000FA4A02EB810191ED020AF94901EB8001EF
:1075B00081ED000A00EB400102EB810191ED000A30
:1075C000F44901EB800181ED000A401CFA28E5DB5B
:1075D0009FEDF18A0AA80CA90BAA0DABCDE90021F9
:1075E0000290FA22EB49EA4800F03BFDEB490870B3
:1075F000BDF82800BDF82C10DFEDE70ACDE900103A
:107600009DED0D0AFA23E34AE149E448007800F0D1
:10761000F2FD8DED070ACDED080A8DED091A9DEDFD
:10762000070ADF4880ED000A9DED080A80ED010A97
:107630009DED090A80ED020A90ED000AB5EEC00A40
:10764000F1EE10FA3ADD90ED010AB5EEC00AF1EE66
:1076500010FA33DD90ED000A8DED070A90ED010A76
:107660008DED080A90ED020A8DED090ADFEDCD1AC5
:107670009DED091ADDED080A9DED070AC74801785E
:1076800001A801F003FD01AC9DED010AC64880EDA3
:10769000000A9DED020A80ED010A9DED030A80EDCE
:1076A000020A9DED040A80ED030A9DED050A80EDB6
:1076B000040A9DED060A80ED050A18E0B7EE000AFF
:1076C000B94880ED000A9FEDB90A80ED010A9FEDEF
:1076D000B70A80ED020AB7EE000A80ED030A9FEDBB
:1076E000B30A80ED040A9FEDB10A80ED050A0EB0E1
:1076F000BDEC028B10BDF0B52DED048B81B00446BE
:107700000D46B0EE408ADC20604390FBF5F645F66E
:107710009B60009006F10B0082B22C231F210B20EE
:10772000FDF704FE9FEDA20AC8EE000A10EE907A63
:10773000384602F055F841EC190B53EC192B9DA17A
:10774000A04802F091FC4FF6FF704123E62232215F
:1077500000900A20FDF7EAFD9A4B102232210A2000
:10776000FDF7AAFE01B0BDEC048BF0BD08B500BF6B
:10777000954800780028FBD000209349087000BF8E
:107780000CE0924931F8101000EE101AB8EE400AE1
:107790008F4901EB800181ED000A401CB0F5805F4C
:1077A000EFDB6A464FF48051894801F0C3FD9DED3F
:1077B000000ABCEEC00A10EE100A08BD70B5002623
:1077C00000240025FFF7D2FF86B212E03220F8F73E
:1077D00055FEFFF7CBFF84B2A01B002801DB01465A
:1077E00000E04142032902DA681CC5B200E000252E
:1077F0002646032DEADB204670BD70B52DED0A8BC1
:10780000744890ED3F0A10EE101A084601F0E8FFA8
:1078100041EC190B6F4890ED530A10EE101A084610
:1078200001F0DEFF41EC1C0B53EC192B01F02CFF97
:1078300041EC1A0B9FED681BB0EE4A0AF0EE6A0AA3
:1078400002F0C2FFB0EE40BAF0EE60BA614890EDCF
:107850003F0A10EE101A084601F0C2FF41EC180B67
:1078600040F25A50FFF77AFE002455E0F92C09D176
:10787000584890ED530A10EE101A084601F0B0FF78
:1078800041EC180B51EC180B01F0EEFF00EE100A62
:10789000BCEEC00A10EE106A01230022314603201C
:1078A000FFF776FD24B94FF4FA70F8F7E7FD02E030
:1078B0003220F8F7E3FDFFF781FF054651EC180B86
:1078C00001F0D2FF04EB4401304A42F8210004EBFE
:1078D0004400114601EB8000858000EE105AB8EE9E
:1078E000400A04EB440001EB800080ED020A51ECF9
:1078F000180B01F0B9FF09EE100AB0EE490AFA219F
:10790000601CFFF7F8FE53EC1B2B51EC180B01F039
:1079100049FE41EC180B641CFA2CA7DB00231A4625
:1079200019460320FFF734FD002015E000EB40016D
:10793000164A02EB810191ED020ADFED290A20EEE1
:10794000200ADFED280A80EE201A00EB400102EB4E
:10795000810181ED021A401CFA28E7DBBDEC0A8B9D
:1079600070BD10B54FF6FF70FDF7C4F900201E4939
:1079700008801EA310220A210846FDF79DFD2D2335
:10798000E6221E210A20FDF7FDF810BDF05300206D
:1079900018A0002000A4002096430B3DFC0000200E
:1079A000A85F0020802C004900010020000000009A
:1079B00000007A44467265713A20252E3266206BAB
:1079C000487A0000B45F0020380000202801002021
:1079D000186000208C510020C6F7470A2673703FBC
:1079E0003333534000F07F45480000204C656172FE
:1079F0006E696E67204D6F64653A205377656570D8
:107A0000696E672E2E2E000008B5FFF7AAFFFFF75C
:107A1000F4FE4FF6FF704123E622322100900A2047
:107A2000FDF784FCF7A3102232210A20FDF744FD64
:107A3000FFF7AEFD08BD2DE9F05F2DED0C8B1FEDBE
:107A4000250AB0EE40AA1FED270AF0EE408A00207A
:107A500014E000EB4001F04A02EB810191ED020AD3
:107A6000B4EEE80AF1EE10FA07DD00EB400102EB9C
:107A7000810191ED020AF0EE408A401CFA28E8DB11
:107A80009FEDE60AF4EEC08AF1EE10FA03D2B7EEEB
:107A9000000AF0EE408A002425E004EB4400DE49B1
:107AA00001EB800090ED020AC0EE280AF0EE609A29
:107AB0009FEDDB0AF4EEC09AF1EE10FA03D29FEDCF
:107AC000D80AF0EE409AB0EE690A02F007FDF3EE34
:107AD000040A20EE209AB4EECA9AF1EE10FA01D20E
:107AE000B0EE49AA641CFA2CD7DBB2EE040ACAEE47
:107AF000000AB0EE609AB0EE490A02F0B7FCF2EE6E
:107B0000040A20EE208ABBEE040AB4EEC08AF1EE2D
:107B100010FA03DDBBEE040AB0EE408A1FED5DDA19
:107B20004FF6FF70FDF7E6F84FF05008502328227B
:107B30004FF482711046FCF7CDFF002432E01FEDB8
:107B4000650A70EE480A00EE104AB8EEC00A60EE10
:107B5000800AB0EE081A80EE810A5FED6C0A30EE02
:107B6000C00A10EE109AC4EB0410502101EB800003
:107B700085B2484601F034FE41EC190B53EC192B49
:107B8000A8A1AA4802F070FAA81F81B2A74B0C2244
:107B90001046FDF791FC2B46282229462620FCF7AB
:107BA00099FF641C032CCADDA1A30C22A42102208E
:107BB000FDF782FC4FF48273E62219462820FCF779
:107BC00089FF9E4890ED3F0A5FED870A80EE201AFC
:107BD00011EE104A204601F003FE41EC190B53EC64
:107BE000192B97A1914802F03FFA904B0C2240F2DA
:107BF00009112820FDF760FC904890ED530A5FEDD5
:107C0000940A80EE201A11EE104A204601F0E8FD99
:107C100041EC190B53EC192B89A1844802F024FA8A
:107C2000824B0C2240F20911B920FDF745FC86A3D6
:107C30000C2240F209117320FDF73EFC4FF478400E
:107C4000844908800024C1E004EB4400724901EB40
:107C5000800090ED020AC0EE280AF0EE60AA9FEDC7
:107C6000700AF4EEC0AAF1EE10FA03D29FED6C0A8E
:107C7000F0EE40AAB0EE6A0A02F030FCF3EE040A1D
:107C800020EE20BA601C00EB4000634901EB80004D
:107C900090ED020A80EE289A9FED610AB4EEC09A38
:107CA000F1EE10FA03D29FED5E0AB0EE409AB0EE0C
:107CB000490A02F013FCF3EE040A60EE20BA5F48B2
:107CC000D0ED530AB0EE600A02F008FCF0EE40DAA4
:107CD0005A48D0ED3F0AB0EE600A02F0FFFB7DEE9D
:107CE000C09A04EB44004C4901EB8000D0ED000A3F
:107CF000B0EE600A02F0F2FBF0EE40DA4F48D0ED51
:107D00003F0AB0EE600A02F0E9FB3DEEC0CA601C1B
:107D100000EB4000404901EB8000D0ED000AB0EEDE
:107D2000600A02F0DBFBF0EE40DA4448D0ED3F0A97
:107D3000B0EE600A02F0D2FB7DEEC0CA9FED460AAB
:107D40002CEE000AC0EE290ABCEEE00A10EE100A82
:107D5000283085B23BEE480ADFED400A20EE200ACB
:107D60005FEDEE0A70EEC80A80EE201ABCEEC10A82
:107D700010EE100AC0F582701FFA80F99FED360AE6
:107D80002CEE800AC0EE290ABCEEE00A10EE100AC2
:107D900028301FFA80FA3BEEC80ADFED300A20EEE9
:107DA000200ADFED2F0A70EEC80A80EE201ABCEE22
:107DB000C10A10EE100AC0F582701FFA80FB5B4604
:107DC000524649462846FCF785FE641CF92CFFF60E
:107DD0003BAF0F2623A700201E49088023480078C8
:107DE000012806D0022806D0032806D0042865D131
:107DF00005E01FA764E022A762E026A760E02AA7AB
:107E00005EE05BE0416E616C797A696E6720646167
:107E100074612E2E2E000000F05300205F70893018
:107E200017B7D138252E306600000000B45F00205F
:107E30004761696E28644229000000008C510020CF
:107E4000252E31666B487A004672657128487A297A
:107E5000000000004800002000003E4300003443C2
:107E600000000000556E6B6E6F776E00FC00002006
:107E70004C6F772D506173732046696C7465720086
:107E8000486967682D506173732046696C74657228
:107E90000000000042616E642D50617373204669DA
:107EA0006C7465720000000042616E642D53746F43
:107EB000702046696C746572000000000CA700BF5A
:107EC00000BF3A460FA1124802F0CEF8104B102224
:107ED00031460A20FDF7F0FA0EA30C2240F22711DA
:107EE0000A20FDF7E9FABDEC0C8BBDE8F09F00001D
:107EF000556E6B6E6F776E2F4E6F20526573706F7D
:107F00006E736500547970653A2025730000000097
:107F1000B45F0020507265737320484F4D45206B4D
:107F2000657920746F2072657475726E2E2E2E0026
:107F30002DE9F0412DED068B05460F4614469FEDC9
:107F4000FE0BB0EE408AF0EE608A04B12DB99FEDD1
:107F5000FC0ABDEC068BBDE8F081002613E0B819E1
:107F600005EB800090ED000A10EE101A084601F0B3
:107F700037FC41EC190B53EC182B01F06CFA41EC77
:107F8000180B701C86B2A642E9DB204601F0FCFB10
:107F900041EC1A0B53EC1A2B51EC180B01F074FB4B
:107FA00041EC190B01F060FC00EE100AD1E730B58E
:107FB0000C4604B140B91AB19FEDE10A82ED000A06
:107FC0000BB10021198030BD90ED000A82ED000A4E
:107FD00000211980012113E000EB810595ED000AD5
:107FE000D2ED000AB4EEE00AF1EE10FA06D200EB90
:107FF000810595ED000A82ED000A19804D1CA9B299
:10800000A142E9DB00BFDEE730B50C4604B140B960
:108010001AB19FEDCB0A82ED000A0BB10021198045
:1080200030BD90ED000A82ED000A00211980012187
:1080300013E000EB810595ED000AD2ED000AB4EEE5
:10804000E00AF1EE10FA06DD00EB810595ED000A7D
:1080500082ED000A19804D1CA9B2A142E9DB00BFE4
:10806000DEE72DE9FF4F2DED068B85B00D4614465A
:108070009A46DDF860B00B9810B10DB10A2C06DA03
:10808000002005B0BDEC068B04B0BDE8F08F02AB5C
:1080900004AA21460B98FFF7B7FF01AB03AA2146BC
:1080A0000B98FFF784FFBAF1000F03D09DED040A8F
:1080B0008AED000ABBF1000F03D0BDF80800ABF851
:1080C0000000199820B19DED030A199880ED000A6F
:1080D0001A9818B1BDF804101A980180B0EE000A81
:1080E00003F09FFADDED040A80EE808A002695ED0C
:1080F000000AF0EE000A20EE209A00200EE005EBC8
:10810000800191ED000AB4EEC90AF1EE10FA02D82E
:10811000711C8EB200E003E0411C88B2A042EEDB8D
:1081200000BF06B90126601E80B200900027601EC5
:1081300005EB800090ED000AF0EE000AC0EE209AF8
:10814000611E08B210E005EB800191ED000AB4EE6B
:10815000E90AF1EE10FA04DB81B20091791C8FB2CA
:1081600000E003E0411E08B20028ECDA00BF07B9C6
:108170000127324600210B98FFF7DAFEB0EE40AA45
:108180003A4600990B98FFF7D3FEF0EE408AB4EE22
:10819000C8AAF1EE10FA01DD012000E000208046BF
:1081A000F4EEC88AF1EE10FA01DD012000E00020B3
:1081B0008146B8F1000F04D1B9F1000F01D10320BD
:1081C0005FE7B8F1000F04D0B9F1000F01D004202F
:1081D00057E7B8F1000F04D0B9F1000F01D1012029
:1081E0004FE7B8F1000F04D1B9F1000F01D0022020
:1081F00047E7002045E70FB52DED020BB1B051491F
:10820000D1E900028968CDE92F212E903398012809
:1082100006D0022805D003287ED004287DD1FBE3B8
:1082200000BFB7EE000A8DED2C0A3398012835D136
:1082300000201590359890ED000AF0EE000A20EE2F
:10824000200A8DED140A0020139016E0139935983A
:1082500000EB8100D0ED000A9DED140AF4EEC00A97
:10826000F1EE10FA04D81598401C80B2159000E089
:1082700007E01398401C80B21390369913988842F7
:10828000E4DB00BF159808B9012015900021159A6C
:108290003498FFF74DFE8DED2C0A44E03698401ED1
:1082A00080B21590002014903698401E359901EB4D
:1082B0008000D0ED000AB0EE001A80EE810A8DED4C
:1082C000130A3698401E00B2129019E012993598A0
:1082D00000EB8100D0ED000A9DED130AF4EEC00A18
:1082E000F1EE10FA07DB129880B215901498401C3A
:1082F00080B2149000E006E01298401E00B2129086
:1083000012980028E2DA00BF149808B901201490EE
:10831000DDE91421349801E0FDE3FDE3FFF708FEF9
:108320008DED2C0A00BF36982D902D9840001590A9
:1083300003F0D8FF2B9007E00000000000000000D1
:1083400000000000F8E6000800202A909FEDFE0AD9
:108350008DED290A9DED2C0ADFEDFC0AB4EEE00A52
:10836000F1EE10FA1ADD9DED320ADFEDF80AB4EEF7
:10837000E00AF1EE10FA11DD9DED320ADDED2C0A76
:1083800080EE201A8DED151A9DED150A02F0A6F863
:10839000F3EE040A20EE200A8DED290A9DED290A4C
:1083A000F1EE080A30EE200A8DED280A0020159023
:1083B00050E09DED2C0ADFEDE50AB4EEE00AF1EEA7
:1083C00010FA43DD1599349800EB810090ED001A06
:1083D0009DED2C0AC1EE000ACDED140A9DED140AA4
:1083E000DFEDDB0AB4EEE00AF1EE10FA03D29FED06
:1083F000D80A8DED140A9DED140A02F06FF8F3EE21
:10840000040A20EE200A8DED130A9DED130A8DED6E
:10841000120A9DED120AB0EEC00AF6EE000AB4EEA2
:10842000E00AF1EE10FA10DD9DED130ADDED280AE9
:10843000B4EEE00AF1EE10FA07DD2A98421C92B27F
:1084400015992A922B9A22F8101000BF1598401CFB
:1084500080B21590369915988842AADB2A9803288D
:108460000FDA2EA807C813AB07C32B98129003F09E
:1084700011FF9DED130ADDED140A9DED151A37B0BD
:1084800000BD1FED530B8DED260B0020159025E050
:1084900015992B9830F81110359800EB810090ED6C
:1084A000000A8DED100A9DED100A02F0D7F88DED4F
:1084B000110A119801F094F9CDE912019DED260BF6
:1084C00053EC102B9DED120B51EC100B00F0C3FF81
:1084D000CDE926011598401C80B215902A9915986F
:1084E0008842D5DB2A9801F04FF9CDE910019DEDC6
:1084F000100B53EC102B9DED260B51EC100B01F0E3
:10850000C3F8CDE912019DED120B51EC100B01F0F7
:10851000ABF915909DED150A01F0AAFE8DED250A27
:10852000259801F05DF99FED8B0B53EC102BCDE9F5
:1085300014019DED140B51EC100B01F033F8CDE953
:1085400022011FED830B8DED200B1FED850B8DEDB3
:108550001E0B1FED870B8DED1C0B1FED890B8DED99
:108560001A0B1FED8B0B8DED180B002015903FE1C2
:1085700015992B9830F8110014901499349800EB49
:10858000810090ED001A9DED2C0AC1EE000ACDEDA0
:10859000050A059801F024F9CDE9080114993498E9
:1085A00000EB810090ED001A9DED2C0AC1EE000A4F
:1085B000CDED050A059801F013F9CDE906019DED11
:1085C000080B53EC102B9DED060B51EC100B00F03B
:1085D000E9FFCDE912019DED120B53EC102B9FED3D
:1085E0005F0B51EC100B01F04FF89FED5C0B53EC5F
:1085F000102BCDE908019DED080B51EC100B00F09C
:10860000CBFFCDE910011499359850F82100059061
:1086100001F0E6F89FED4F0B53EC102BCDE906016E
:108620009DED060B51EC100B00F0BCFFCDE90801ED
:108630009DED220B53EC102B9DED080B51EC100B14
:1086400001F022F8CDE90E01339801281CD19DEDEF
:108650000E0B53EC102B9DED0E0B51EC100B00F09C
:10866000A1FFCDE908019DED080B8DED0C0B9DEDF3
:10867000080B53EC102B9DED080B51EC100B00F088
:1086800091FFCDE90A0128E09DED0E0B53EC102B74
:108690009DED0E0B51EC100B00F084FFCDE90601AF
:1086A0009DED060B53EC102B9FED2C0B51EC100B9A
:1086B00000F0EAFFCDE908019DED080B8DED0C0BF4
:1086C0009DED080B53EC102B9DED080B51EC100B9E
:1086D00000F068FFCDE90A0100BF9DED0C0B53ECE3
:1086E000102B9DED0C0B51EC100B00F05BFFCDE956
:1086F00008019DED200B53EC102B9DED080B51EC68
:10870000100B00F0A8FECDE920019DED0A0B53EC03
:10871000102B9DED0C0B51EC100B00F043FFCDE93D
:1087200008019DED1E0B53EC102B9DED080B51EC39
:10873000100B00F090FECDE91E019DED0A0B53ECED
:10874000102B9DED0A0B0DE00000A0C25F70893078
:1087500017B7D138182D4454FB21194000000000F0
:108760000000F03F51EC100B00F01CFFCDE90801B8
:108770009DED1C0B53EC102B9DED080B51EC100BD9
:1087800000F069FECDE91C019DED0C0B53EC102BA4
:108790009DED100B51EC100B00F004FFCDE908012A
:1087A0009DED1A0B53EC102B9DED080B51EC100BAB
:1087B00000F051FECDE91A019DED0A0B53EC102B90
:1087C0009DED100B51EC100B00F0ECFECDE9080113
:1087D0009DED180B53EC102B9DED080B51EC100B7D
:1087E00000F039FECDE918011598401C80B21590B3
:1087F0002A9915988842FFF6BBAE9DED1E0B53ECEF
:10880000102B9DED1E0B51EC100B00F0CBFE9FEDDD
:10881000FB0B53EC102BCDE914019DED1C0B51EC1F
:10882000100B00F018FE9FEDF50B53EC102BCDE96B
:1088300010019DED200B51EC100B00F00CFECDE96A
:108840000E019DED100B53EC102B9DED0E0B51EC1A
:10885000100B00F0A7FECDE912019DED140B53ECB7
:10886000102B9DED120B51EC100B00F095FECDE995
:1088700016019DED160B01F0EFFD8DED140B9FED34
:10888000E10B53EC102B9DED140B51EC100B00F091
:10889000D3FF7CD29DED160B53EC102B1FED510B2B
:1088A00051EC100B00F0F0FECDE914019DED180B1A
:1088B00053EC102B9DED1E0B51EC100B00F072FED3
:1088C0009FEDCE0B53EC102BCDE904019DED1C0B5D
:1088D00051EC100B00F0BFFDCDE900019DED1A0B2E
:1088E00053EC102B9DED000B51EC100B00F05AFED9
:1088F000CDE902019DED040B53EC102B9DED020B15
:1089000051EC100B00F048FECDE906019DED140B73
:1089100053EC102B9DED060B51EC100B00F042FEBA
:10892000CDE912019FEDB50B53EC102B9DED200B03
:1089300051EC100B00F08FFDCDE900019DED180BFF
:1089400053EC102B9DED000B51EC100B00F02AFEA8
:10895000CDE904019DED1E0B51EC100B81F000419F
:10896000CDE900019DED1A0B53EC102B9DED000B92
:1089700051EC100B00F016FECDE902019DED040B49
:1089800053EC102B9DED020B51EC100B00E0FCE0C2
:1089900000F061FDCDE906019DED140B53EC102BA9
:1089A0009DED060B51EC100B00F0FCFDCDE9100124
:1089B0009DED220B53EC102B9DED220B51EC100B77
:1089C00000F0F0FDCDE90A019DED0A0B53EC102BF0
:1089D0009DED0A0B51EC100B00F0E4FDCDE9080110
:1089E0003398012819D19DED0A0B53EC102B9DED06
:1089F000120B51EC100B00F047FECDE90E019DED7E
:108A0000080B53EC102B9DED100B51EC100B00F0EC
:108A10003BFECDE90C0118E0EAE19DED0A0B53ECB9
:108A2000102B9DED120B51EC100B00F0BBFDCDE9AE
:108A30000E019DED080B53EC102B9DED100B51EC2E
:108A4000100B00F0AFFDCDE90C019FED700B53EC66
:108A5000102B9DED0C0B51EC100B00F0EDFE7DD2B8
:108A6000339801282AD19DED0C0B02F09DFD8DED70
:108A7000020B9DED020B53EC102B1FEDC80B51ECBC
:108A8000100B00F001FECDE906019DED060B53EC45
:108A9000102B9DED0E0B51EC100B00F083FD9FEDA4
:108AA0005D0B53EC102BCDE902019DED020B51EC57
:108AB000100B00F0D0FCCDE904011DE09DED0C0B86
:108AC00002F072FD8DED060B9DED060B53EC102BA5
:108AD0009DED0E0B51EC100B00F0D6FD9FED4D0BF4
:108AE00053EC102BCDE902019DED020B51EC100B64
:108AF00000F0B1FCCDE904019DED060B02F054FD40
:108B00008DED000B1FEDED0B53EC102B9DED000BCD
:108B100051EC100B01E053E0AEE200F0B5FDCDE901
:108B200002019DED020B51EC100B00F09DFE2E900A
:108B30009FED360B53EC102B9DED040B51EC100BFD
:108B400000F07AFE1BD29DED040B02F02DFD8DEDA1
:108B5000000B9DED000B53EC102B00E014E09FED9B
:108B60002F0B51EC100B00F08FFDCDE902019DEDB4
:108B7000020B51EC100B00F077FE2F9003E09FEDFD
:108B8000290A8DED2F0A00BF00BF9DED2F0AB5EE1B
:108B9000C00AF1EE10FA0EDD9DED2E0AB5EEC00A08
:108BA000F1EE10FA07DD9DED2E0ADDED2F0A80EEC5
:108BB000201A8DED301A2B98159003F06BFB5CE2B8
:108BC0003899359800EB810090ED000A8DED2E0A62
:108BD000B0EE000A02F025FDDDED310A80EE801ACC
:108BE0008DED2D1ABFEE000A8DED2C0ABFEE000AA6
:108BF0008DED2B0A389800B22A906BE0000000E05F
:108C00000B2E113EA0C2EBFE4B48B4390000000011
:108C10000000000000000000000000400000000014
:108C20000000F03F002474492A98401E349901EB5B
:108C30008000D0ED000A9DED2D0AF4EEC00AF1EEA1
:108C400010FA43D22A99349800EB8100D0ED000A43
:108C50009DED2D0AF4EEC00AF1EE10FA36DB2A99EA
:108C6000359800EB810090ED000A481E359901EB24
:108C70008000D0ED000A70EE600A2A98401E3499F8
:108C800001EB800090ED001A9DED2D0A30EE410AB7
:108C900020EE800A08462A9900EB8100D0ED000AF8
:108CA000481E349901EB800090ED001A30EEC11A95
:108CB000C0EE010A2A98401E359901EB800090ED24
:108CC000000A30EE800A8DED2C0A06E02A98401E3C
:108CD00000B22A902A980128A6DA00BF38982A9074
:108CE00053E02A99349800EB8100D0ED000A9DED05
:108CF0002D0AF4EEC00AF1EE10FA42DB2A98401C6D
:108D0000349901EB8000D0ED000A9DED2D0AF4EEC0
:108D1000C00AF1EE10FA34D22A98401C359901EBC2
:108D2000800090ED000A08462A9900EB8100D0ED02
:108D3000000A70EE600A349800EB810090ED001A92
:108D40009DED2D0A30EE410A20EE800A2A98401C43
:108D5000349901EB8000D0ED000A08462A9900EB17
:108D6000810090ED001A30EEC11AC0EE010A35986C
:108D700000EB810090ED000A30EE800A8DED2B0AA9
:108D800008E02A98401C80B22A903698401E2A9902
:108D90008842A6DC00BF9DED2C0AB5EEC00AF1EEBC
:108DA00010FA20DD9DED2B0AB5EEC00AF1EE10FAA7
:108DB00019DD9DED2B0ADDED2C0A30EE600A8DEDFC
:108DC000300ADDED300A9FEDFE0AF4EEC00AF1EE46
:108DD00010FA0CDD9DED2E0ADDED300A80EE201A32
:108DE0008DED2F1A03E0BFEE000A8DED2E0A44E14F
:108DF0009DED360AB8EE400ADFEDF20A20EE200AB9
:108E0000BCEEC00A10EE100A80B22D902D9808B961
:108E100001202D9000212D9A3498FFF789F88DEDCF
:108E20002C0A2D993698401A80B20A46014626909F
:108E30003498FFF77DF88DED2B0A9DED2C0ADDEDC2
:108E40002B0A70EE200AB0EE001A80EE810A8DED3A
:108E50002A0AB0EE000A02F0E4FBF0EE400A9DEDB3
:108E60002A0A80EE201A8DED291ABFEE000A8DED38
:108E7000280ABFEE000A8DED270A399800B2269025
:108E800055E02698401E349901EB8000D0ED000A91
:108E90009DED290AF4EEC00AF1EE10FA43DD2699A1
:108EA000349800EB8100D0ED000A9DED290AF4EE24
:108EB000C00AF1EE10FA36D82699359800EB8100F9
:108EC00090ED000A481E359901EB8000D0ED000AB4
:108ED00070EE600A2698401E349901EB800090EDF8
:108EE000001A9DED290A30EE410A20EE800A08465C
:108EF000269900EB8100D0ED000A481E349901EB61
:108F0000800090ED001A30EEC11AC0EE010A2698DA
:108F1000401E359901EB800090ED000A30EE800A8A
:108F20008DED280A06E02698401E00B2269026986D
:108F30000128A6DA00BF3998269053E02699349884
:108F400000EB8100D0ED000A9DED290AF4EEC00A85
:108F5000F1EE10FA42D82698401C349901EB8000BB
:108F6000D0ED000A9DED290AF4EEC00AF1EE10FAE8
:108F700034DD2698401C359901EB800090ED000A05
:108F80000846269900EB8100D0ED000A70EE600AD9
:108F9000349800EB810090ED001A9DED290A30EE27
:108FA000410A60EE800A2698401C349901EB80004B
:108FB00090ED000A0846269900EB810090ED001A1A
:108FC00030EE411A80EE810A359800EB8100D0ED39
:108FD000000A30EE200A8DED270A08E02698401C92
:108FE00080B226903698401E26998842A6DC00BFA3
:108FF0009DED280AB5EEC00AF1EE10FA37DD9DEDC1
:10900000270AB5EEC00AF1EE10FA30DD9DED270A11
:10901000DDED280AB4EEE00AF1EE10FA27DD9DED51
:10902000270ADDED280A30EE600A8DED300A9DED4D
:10903000280ADDED270A20EE200A8DED260A9DED97
:10904000260A02F0EEFA8DED2E0A9DED300ADFEDD4
:109050005C0AB4EEE00AF1EE10FA0CDDDDED2E0A4A
:109060009DED300A80EE801A8DED2F1A03E0BFEEE1
:10907000000A8DED2E0A00E000BF00BF9DED2E0A14
:10908000DDED2F0A9DED301AFFF7F9B933B52DED5F
:10909000040B2DED0E8B8DB005460C46F0EE619A5B
:1090A0001822494907A800F09CF99DED1B0AB5EE6E
:1090B000C00AF1EE10FA0BD99DED1C0AB5EEC00AFC
:1090C000F1EE10FA04D9F5EEC09AF1EE10FA09D8D3
:1090D000182207A9284600F084F90DB0BDEC0E8BCC
:1090E00006B030BD19EE900A00F07AFB41EC1B0B84
:1090F0009DED1B0A10EE101A084600F071FB41ECC2
:109100001D0B9FED320B53EC102B00F04BFA41EC92
:109110001C0B53EC1B2B00F0B7FA41EC1A0B00F0C0
:10912000A3FB0EEE100AB0EE4E0A02F075F9DDED6B
:109130001C0AB0EE001A60EE810AC0EE208AB0EE82
:109140004E0A00F0EDFFB0EE408A0020049005903A
:109150000690019002900390012C06D0022C3CD086
:10916000032C69D0042C7CD185E0B7EE000A30EEE8
:10917000480AF0EE000A80EE201A8DED041AB7EED0
:10918000000A30EE480A8DED050AB7EE000A30EE0F
:10919000480AF0EE000A80EE201A8DED061AB7EEAE
:1091A000000A38EE800A8DED010AB8EE000A28EEBA
:1091B000000A8DED020AB7EE000A30EE680A09E0F7
:1091C0005F7089309A99193E04E70008182D4454BD
:1091D000FB2119408DED030A74E0B7EE000A38EE6A
:1091E000000AF0EE000A80EE201A8DED041AB7EEA8
:1091F000000A38EE000AB1EE400A8DED050AB7EE1E
:10920000000A38EE000AF0EE000A80EE201A8DED1A
:10921000061AB7EE000A38EE800A8DED010AB8EEA4
:10922000000A28EE000A8DED020AB7EE000A30EEC1
:10923000680A8DED030A45E0CDED048A9FED3C0AF6
:109240008DED050AB1EE680A8DED060AB7EE000A4B
:1092500038EE800A8DED010AB8EE000A28EE000A09
:1092600000E029E08DED020AB7EE000A30EE680A50
:109270008DED030A26E0B7EE000A8DED040AB8EE84
:10928000000A28EE000A8DED050AB7EE000A8DED02
:10929000060AB7EE000A38EE800A8DED010AB8EE34
:1092A000000A28EE000A8DED020AB7EE000A30EE41
:1092B000680A8DED030A05E0182207A9284600F088
:1092C00090F80AE700BF9DED019A00BFB0EEC90A11
:1092D0005FED450AB4EEE00AF1EE10FA21DDB7EEDB
:1092E000000A8DED0A0A9DED020AC0EE090ACDEDD5
:1092F0000B0A9DED030AC0EE090ACDED0C0A9DEDA7
:10930000040AC0EE090ACDED070A9DED050AC0EE7C
:10931000090ACDED080A9DED060AC0EE090ACDED59
:10932000090A182207A9284600F05BF800BFD4E616
:10933000000000009FED220A8B0812D090ED002A59
:1093400090ED011AD0ED020A30EE020AD0ED031AB8
:1093500010305B1E30EE010A30EE200A30EE210A9A
:10936000ECD111F003031AD0B3F1004F20D2002B3F
:1093700015DD001F13F0010F04D0D0ED010A001D10
:1093800030EE800A5B080AD0D0ED010A30EE800A88
:10939000D0ED020A08305B1E30EE800AF4D100EEF8
:1093A000901AF8EE600A80EE201A82ED001A7047DB
:1093B000F0EC010A5B1E30EE800AF9D1EFE7000005
:1093C00000000000202A04DB203A00FA02F100200D
:1093D00070479140C2F1200320FA03F319439040F3
:1093E000704740EA01039B0703D009E008C9121F38
:1093F00008C0042AFAD203E011F8013B00F8013B4F
:10940000521EF9D27047CAB2401E10F8011F8A429C
:1094100002D00029F9D100207047421C10F8011B2E
:109420000029FBD1801A704710B5002200E0521CC1
:10943000835C8C5CA34201D1002BF8D1D8B2E1B29D
:10944000401A10BD034611F8012B00F8012B002A29
:10945000F9D1184670472DE9FE4F804681EA030096
:10946000C00F0C46009021F0004123F00045B8EBFE
:109470000200A94105D24046214690461C460B46B3
:10948000024623F00040104347D0270DC7F30A00DF
:10949000C3F30A510290401A019040286BDAC3F3DB
:1094A000130040F4801B0098924620B10023D2EBB9
:1094B000030A63EB0B0B01985946C0F1400250467A
:1094C000FFF780FF06460D4650465946019A00F0C8
:1094D0003EFA10EB08006141002487EA115284EA49
:1094E000E7731A4340D0009A62B3019A012A4FEA07
:1094F000075215DC001B61EB02014FF0004202EA4B
:109500000752CDE90042001C41F5801132462B463E
:1095100000F0C4FA03B0BDE8F08F40462146F9E7F9
:10952000001B61EB0201001C41F5801300185B4138
:109530002018A2F5001747EB030140EAD570B619D1
:109540006D4111E06D084FEA360645EAC0754FEAF5
:109550000752001B61EB0201001C41F58011490814
:109560004FEA30000019514132462B4603B0BDE8A6
:10957000F04F00F084BA0098012240000023D0EBA5
:10958000020263EBE073009821464FEAE074B8EB07
:10959000000061EB0401E9E783F000435BE781F041
:1095A000004158E72DE9FE4F81EA030404F000442E
:1095B00021F0004100944FF0000B23F0004350EAEB
:1095C00001045ED052EA03045BD0C3F30A54C1F332
:1095D0000A552C44A4F2F3340194A0FB0254C1F3C5
:1095E000130141F48011C3F3130343F4801301FB0F
:1095F000024400FB034E840A970A44EA815447EA76
:109600008357A4FB076802958D0A05FB07854FEA7F
:10961000932C04FB0C542705029D4FEA065847EA99
:109620001637B5EB08056EEB070C870E920E47EA6E
:10963000811742EA8312A7FB0201B6EB0B0164EB30
:1096400000042B0D43EA0C335E1844EB1C50DA4641
:109650005146E7FB0201C5F313044FEA0B3343EA1B
:1096600014534FEA0432019C43EA0603A4F10C04AC
:109670000294009CCDE900B400F010FA03B0BDE8FC
:10968000F08F00200146F9E72DE9F04D81EA03044F
:1096900004F0004B21F0004514464FF0000A23F07F
:1096A000004150EA050220D054EA01021DD0C5F362
:1096B0000A570246C5F31303C1F31300C1F30A5658
:1096C00040F4801543F48013A7EB0608101BD64620
:1096D00008F2FD3873EB050002D308F1010801E040
:1096E00092185B41B8F1000F03DA00200146BDE893
:1096F000F08D00204FF48011064684460EE0171BC3
:1097000073EB050705D3121B63EB050306434CEA15
:10971000010C49084FEA300092185B4150EA0107FA
:10972000EDD152EA030012D082EA040083EA050177
:10973000084305D0101BAB4106D20122002306E0EE
:1097400000224FF0004302E06FF0010253101AEBC9
:1097500006004CEB085110EB0A0041EB0B01BDE891
:10976000F04D00F08CB90EB5C10F80EAE0700844EE
:10977000CA07002140F233438DE80E000A460B462B
:1097800000F08CF903B000BD0EB540F233410291F8
:109790000021CDE900110A460B4600F07FF903B025
:1097A00000BD70B5C1F30A5201F000450024C1F3B9
:1097B000130140F2FF3341F480119A4201DA002094
:1097C00070BD40F233439A42A2F2334203DC52426C
:1097D00000F0ADF800E090402C43F1D0404270BD65
:1097E00000F0004230F000400AD0C10D01F5607178
:1097F000C0F3160042EA0151C20840071143704706
:10980000002001467047000030B5041E71F10004CD
:1098100004DB4FF00044404264EB0101141E73F17D
:10982000000405DB1C464FF00043524263EB040387
:109830008B4208BF824230BD30B5041E71F1000476
:1098400004DB4FF00044404264EB0101141E73F14D
:10985000000405DB1C464FF00043524263EB040357
:10986000994208BF904230BD01F0004330B421F06E
:10987000004150EA010206D00A0DA2F56072C1F360
:109880001301002A02DC30BC00207047440F44EA78
:10989000C104C100E01830BC00EBC25000F0B8B801
:1098A00030B50B46014600202022012409E021FAB0
:1098B00002F59D4205D303FA02F5491B04FA02F5AD
:1098C0002844151EA2F10102F1DC30BD2DE9F05F44
:1098D0000546002092469B4688460646814640241F
:1098E0001BE0284641464746224600F020F85346F2
:1098F0005A46C01A914110D3114618462246FFF726
:1099000061FD2D1A67EB01084F4622460120002118
:10991000FFF758FD17EB00094E41201EA4F101048A
:10992000DFDC484631462A464346BDE8F09F202A00
:1099300004DB203A21FA02F00021704721FA02F3F9
:10994000D040C2F120029140084319467047202AB6
:1099500006DBCB17203A41FA02F043EAE07306E057
:1099600041FA02F3D040C2F1200291400843194667
:10997000704700000FB4002300B589B00CA9009116
:109980000B996FF00042CB601E4B06931E4B079362
:109990000423CDE901321D4A089202466B4600209D
:1099A00000F0F6F909B05DF814FB70B586B0064614
:1099B0004FF0FF300091CDE90101002015460C4623
:1099C00004903246694604A8FFF7D4FF0246049883
:1099D000211825B108B1084600E020462860049807
:1099E00000280DD0002A02DD0098884208D0081B0C
:1099F0000094CDE901043246694604A8FFF7BAFF96
:109A000006B070BDC99F0008E79F00085D9C000874
:109A10000029A8BF7047401C490008BF20F0010082
:109A2000704710B4B0FA80FC00FA0CF050EA010460
:109A300004BF10BC704749B1CCF1200421FA04F4F2
:109A400011FA0CF118BF012121430843A3EB0C01CB
:109A5000CB1D4FEA00614FEA102042BF002010BC2E
:109A6000704700EBC35010440029A4BF10BC7047DE
:109A7000401C490008BF20F0010010BC704710B521
:109A8000141E73F1000408DA401C41F10001921821
:109A90005B411A4301D120F0010010BD2DE9F04DCA
:109AA00092469B4611B1B1FA81F202E0B0FA80F21F
:109AB00020329046FFF786FC04460F4640EA0A0033
:109AC00041EA0B0153465A46084313D0114653EA64
:109AD000010019D0C8F140025046FFF728FF0546A3
:109AE0000E46504659464246FFF76CFC084305D0E7
:109AF000012004E020463946BDE8F08D00200543F2
:109B000046EAE0762C4337430A986305E40AA0EB63
:109B100008000022FD0A44EA47540A3002D500201A
:109B20000146E9E7010510196941DDE90845001919
:109B30006941BDE8F04DA2E770B521F00043034351
:109B40000CD0C1F30A550024D5EB040564EB0403E3
:109B5000D617AD1AB34102DB0020014670BD2018B4
:109B600041EB025170BD2DE9F04D00231A461B1A3E
:109B70008A4103DB00200146BDE8F08DC1F30A52A3
:109B8000C1F3130141F480154FF0000BD10702D14E
:109B900000186D41521E0027044640F2FF1138465E
:109BA00001EB620A3E468046024600204FF48011D7
:109BB000FFF7BDFEC2197141BB1846EB0100B4EBC3
:109BC000030C75EB000C04D3E41A65EB0005174693
:109BD0000E46241908F101006D4180463428E3DD6A
:109BE000F91946EB0600091BA84103D24FF0FF32DA
:109BF000134601E0002213461BEB070046EB0A5117
:109C0000BDE8F04DFFF73BBFC1F30A52C1F31301AA
:109C100040F2FF3341F480119A4202DA00200146FB
:109C2000704740F233439A42A2F2334202DC52427E
:109C3000FFF77DBEFFF7C6BB064C074D06E0E068A8
:109C400040F0010394E8070098471034AC42F6D383
:109C5000F6F79EFAFCE800081CE90008C0B24FF4D1
:109C6000F05100F0D1B900002DE9FF4F087883B022
:109C70009946FF2805D0491C2D2804D00024002037
:109C800008E000200BE00124F9E700EB800003EB83
:109C90004000491C0B78FF2BF7D104B14042002350
:109CA0000293147819461D462D2C01D02B2C04D17B
:109CB000521C2D2C13D000240294AA461478FF2C99
:109CC0000FD00A25A3FB057801FB05814FF0000C9E
:109CD00003FB0C11521CE3194AEB0101EEE70124CE
:109CE000EAE7814453EA010002D019F5C87F06DA99
:109CF00003980021C0E9001107B0BDE8F08F0025EE
:109D0000AE4E2F46DFF8B882184600F091F9CDE943
:109D10000001B9F1000002DAC9F1000400E00446D4
:109D20000023A74A1AEB030B42EB045A12E0E007A8
:109D300007D02A46334638464146FFF733FC0746EC
:109D400088462A46334610461946FFF72BFC05463F
:109D50000E466410002CEAD1DDE90001B9F1000FD4
:109D60005A46534606DAFFF78FFC3A464346FFF75A
:109D70008BFC05E0FFF716FC3A464346FFF712FC62
:109D8000029A0AB181F00041039AC2E90001B3E7E7
:109D90002DE9FF4F1F468DB0D7E901464FF0FF3840
:109DA0002E2045464FF000090B90B9696D1C0E98A6
:109DB0008847396A824688470028F6D1BAF1FF3FC2
:109DC0000AD024F4D064002E11DDBAF12B0F08D094
:109DD000BAF12D0F0BD102E0404611B08DE744F4EB
:109DE0008064B9696D1C0E9888478246761E694664
:109DF000600501D52D2000E02B208DF8000001F139
:109E0000010B0DF1200809E0B9696D1C0E98884717
:109E100082460F9844F40074761E0560002E02DD21
:109E2000BAF1300FF0D00B998A453ED144F080044E
:109E300006E00F99681CA9F1010944F40074086058
:109E4000B9696D1C761E0E98884782463028F0D07E
:109E50002BE00B998A4505D1200603D444F08004F9
:109E6000761E18E0504601F079FE08B30DF113019B
:109E7000761E44F400748B4508D2AAF130000BF82A
:109E8000010B200607D5A9F1010003E0200602D44A
:109E900009F101008146A00502D50F99681C0860F0
:109EA000B9696D1C0E9888478246002ED1DC53E0BC
:109EB000002E51DDBAF1650F02D0BAF1450F4BD13A
:109EC000A00549D5B9696D1C24F44074761E0E981E
:109ED00088478246002E0CDD2B2804D0BAF12D0FC6
:109EE00007D144F48074B9696D1C0E988847824686
:109EF000761EE00501D52D2100E02B2108F8011B7D
:109F0000CDF82C8021E00DF12901761E44F4007477
:109F100088450CD2AAF1300010F0FF0088F800004C
:109F200002D10B99884509D908F1010806E0E0053E
:109F300001D5244801E042F20F708146B9696D1CD9
:109F40000E98884782460F980560002E04DD504623
:109F500001F004FE0028D6D1F9690E988847FF2049
:109F60008BF8000088F800000020069007904B4610
:109F70006A4608A906A8FFF777FEA00502D46FF08D
:109F800001002AE714F0240F0AD0E00714D1DDE91C
:109F900006123868031D3B600068C0E900120BE040
:109FA000DDE90601FFF760FC0146E00704D13868EF
:109FB000021D3A600068016028460EE70000144068
:109FC0000000F03FF1D8FFFF426842B1016811F88C
:109FD000013B23B1521EC0E900121846704701210F
:109FE000C160881E704742685AB1C368016843B9AE
:109FF00083688B4205D0491E521CC0E90012002024
:10A0000070474FF0FF3070477F2801D9002208E0E9
:10A01000064A02EB5002C007127800D1120902F082
:10A020000F020120904008407047000080E80008BF
:10A030000EB540F2334202920022CDE900221346CF
:10A04000FFF72CFD03B000BD0FB4054B10B503A9FD
:10A05000044A029801F08AFD10BC5DF814FB000070
:10A06000A7460008180100200FB4084B10B504A93A
:10A0700002AA039801F07AFD044602A9002002F02A
:10A08000F8F8204610BC5DF814FB000073C200080D
:10A0900003B401984100009850EAC12018BF042081
:10A0A0004A0D18BF40F0010040F2FF72B2EB515F61
:10A0B00008BF40F00200012808BF052002B0704729
:10A0C0004100080218BF04200A0E18BF40F001002A
:10A0D0004FF07F4232EA010108BF40F00200012840
:10A0E00008BF05207047000030B583B0044601F07A
:10A0F00057FC9FED090B05468DED000B0022214614
:10A100006846FFF752FC284601F060FC9DED000B0D
:10A1100003B030BD0000000000000000000000009F
:10A1200010EE101A08B5444A6846B2EB410F28D920
:10A130004FF0E640B0EB410F94BF00204FF0FF30EE
:10A1400000900098002861DB60EE000A10F0010F1B
:10A1500045D010F0020FDFED391A9FED391A00EEED
:10A16000E11ADFED381A40EE811A21EEA01AF0EE66
:10A17000400A40EE010A08BFF1EE600AB0EE600A44
:10A1800008BD314B21F0004293423CD911F0004F01
:10A19000DFED2E0A20EE201ADFED2D0A19BF31EE79
:10A1A000601A71EE200A31EE201A71EE600ABDEEDF
:10A1B000E01A11EE100A9FED271A00F0030000EEDE
:10A1C000C10A9FED251A009000EEC10A9FED231AE7
:10A1D00000EEC10A9FED221A00EEC10AB1E79FED21
:10A1E000211A9FED210A10F0020F00EE810A9FED67
:10A1F0001F1A00EE801AB7EE000A00EE810A18BF9F
:10A20000B1EE400A08BD01F021FB9AE710EE100AFA
:10A210004000B0F17F4F3CBFB7EE000A08BD07D148
:10A220004FF0010001F0D2FBBDE8084001F0F6BAA2
:10A23000BDE8084001F0EEBAB61F927E336D4C398E
:10A24000DA82083CA0AA2ABE490E494683F9223F79
:10A250000000004B0000C93F00A0FD390020A233E0
:10A260001A61342CB93AB2BACA9F2A3DDDFFFFBE4B
:10A2700010B510EE104A4FF019406849002200EB6B
:10A2800044002DED028B884257D8DFED650A14F0AB
:10A29000004F60EE200A14BFBEEE001AB6EE001AA0
:10A2A00071EE200AFDEEE00A10EE900A00EE900A30
:10A2B000F8EEE00A9FED5B1A00EEC10A9FED5A1A14
:10A2C00000EEC10ADFED590A9FED591A00EE201A7F
:10A2D000DFED580A40EE010A9FED571A574B00F088
:10A2E000030100EE201A21EE000A7B4403EB8103F8
:10A2F000D3ED000A524B7B4403EB810393ED001A2C
:10A30000504B41EE000A7B4403EB8101801091ED3C
:10A31000000A70EE800AEABB00EE100AB8EEC01A1E
:10A32000DFED491A9FED490ABDEC028B01EE210ACF
:10A33000BCEEC00A20EE200A10BD4FF0FF40A04343
:10A340001BD04FF0CE40B0EB440F82BFB7EE000AF7
:10A35000BDEC028B10BD3E48B0EB440F28BF01227C
:10A3600093D2022001F032FB14F0004F15D0BDEC67
:10A37000028BBDE8104001F061BA14F5000F02BF76
:10A380009FED340ABDEC028B10BDBDEC028BBDE825
:10A39000104000E007E001F03DBABDEC028BBDE8E3
:10A3A000104001F043BA00EBD07359104FF07E52C9
:10A3B00002EBC15100EE101AA0EB630002EBC0509B
:10A3C00060EE200A00EE100A20EE208A18EE100A35
:10A3D00088B118EE100AB0F1FF4F15D018EE100A30
:10A3E000FFF76EFE042808BF01F028FAB0EE480A15
:10A3F000BDEC028B10BD022001F0E8FABDEC028B2F
:10A40000BDE8104001F01ABA022001F0DFFABDECFD
:10A41000028BBDE8104001F009BA00000000501E98
:10A420003BAAB8400070313EF4FD053712BB2A3D0F
:10A4300012BB2A3EFFFFFF3EFFFF7F3F3E4400006E
:10A4400042440000124400000000004B00007E4E19
:10A450000000A085000000002DED020B019820F007
:10A46000004001909DED000B02B0704710EE100A05
:10A47000C0F3C7517F391729A8BF7047DFED140A11
:10A48000002970EE200A0DDAF5EEC00AF1EE10FA9E
:10A490001ADD0028A8BF002016DAB0F1004F18BF5F
:10A4A0000C4811E00C4ACA40104208BF7047F5EE54
:10A4B000C00AF1EE10FA07DD002804DA4FF40003B9
:10A4C00023FA01F10844904300EE100A704700009F
:10A4D000CAF24971000080BFFFFF7F0010EE100A32
:10A4E00010B5A0F500014FF0000CB1F1FE4F6CD299
:10A4F00000F500216FF07E0202EBE153C1F302523E
:10A500004FF07E5101EB025100EE901AA0EBC350C8
:10A510000CEB030100EE100A51EA020036D030EED7
:10A52000601A30EE200AC1EE000A20EEA00A60EEAA
:10A53000801A9FED3D2A9FED3D1A3D48DFED3F2AF1
:10A5400000EE021A784400EB82009FED3A2A21EED9
:10A55000810A01EE101AD0ED001A3748B8EEC11A80
:10A56000784400EB820041EE021A01EE101A90EDE1
:10A57000002AB8EEC11A01EE222A9FED311A32EEFE
:10A58000000A00EE810A31EE800A10BDF7EE000AE3
:10A590009FED2D1A70EE600A9FED2A0A00EE801AD8
:10A5A0009FED2A0A60EEA01A00EE810A9FED281A9C
:10A5B00000EE801A21EE810A9FED261A00EE810A34
:10A5C000B5EE0B1A00EE810A10BD4FF07F41B1EBE2
:10A5D000400F03D2BDE8104001F01CB9B0F1FF4FAD
:10A5E00008BF10BDB5EEC00AF1EE10FA06D2012088
:10A5F00001F0ECF9BDE8104001F010B9B5EEC00A69
:10A60000F1EE10FA07D1022001F0E0F901F0F8F8BC
:10A61000B1EE400A10BDDFED100A6FF0160C20EE0F
:10A62000200A10EE100A63E7DE02323E3B3D943E04
:10A630000442000000209A3E08420000FC849A3642
:10A64000D95B5E3F924FA93D7279DEBD2D3E143E2F
:10A65000D85B5EBE157B4B3C0000004B10EE100A31
:10A6600010B50023A0F50001B1F1FE4F67D200BF85
:10A6700000F500216FF07E0202EBE15CC1F30252B3
:10A680004FF07E5101EB025100EE901AA0EBCC503E
:10A6900003EB0C0100EE100A51EA020036D030EE56
:10A6A000601A70EE200A9FED3D2A3E4881EE200A96
:10A6B0009FED3B1A60EE000A00EE821A60EE201A4F
:10A6C00061EE810A784401EE101A00EB82009FEDE2
:10A6D000362AB8EEC11AD0ED001A344841EE021AFB
:10A6E000784401EE101A00EB8200B8EEC11A90ED2A
:10A6F000002ADFED2F2A01EE222AB0EE001A72EEB8
:10A70000200A40EE010A31EEA00A10BDF7EE000A61
:10A710009FED291A30EE600ADFED260A00EE201ABE
:10A72000DFED260A60EE001A40EE010A9FED241AC2
:10A7300000EE201A61EE810A30EE200A10BD4FF0C3
:10A740007F41B1EB400F03D2BDE8104001F062B889
:10A75000B0F1FF4F08BF10BDB5EEC00AF1EE10FA20
:10A7600006D2012001F032F9BDE8104001F056B8E0
:10A77000B5EEC00AF1EE10FA07D1022001F026F979
:10A7800001F03EF8B1EE400A10BDDFED0E0A6FF0A9
:10A79000160320EE200A10EE100A69E766F1CC3E9F
:10A7A000AAAA2A3FC44000000070313FC840000000
:10A7B000F4FD053821ED423E0A1180BEC1ABAA3E30
:10A7C000FFFFFFBE0000004B2DE9F04D2DED040B07
:10A7D0002DED0E8B96B0DDE92550279CDDF890A07D
:10A7E00025F0004624F00048BAF1000F14BF012103
:10A7F000002101EB4502FC4953184A1093422AD329
:10A80000002814BF0123002303EB44030B44F74942
:10A810008B4220D358EA00019FEDF59B76D0DFF8FC
:10A82000D8B35D4503D1BAF1000F05D188E0BAF184
:10A83000000F08BF002100D0012101EB450111F5F7
:10A84000001F08D8002814BF0121002101EB44019A
:10A8500011F5001F0BD99DED261B9DED240B16B0A5
:10A86000BDEC0E8B04B0BDE8F04D00F08DBF0027AD
:10A87000002DBCBFE149884521DAE1498845A8BFE0
:10A8800002271CDAC3451ADCDE4901EB28511429E2
:10A8900008DDC1F1340220FA02F101FA02F282422B
:10A8A0000DD108E058B9C1F1140228FA02F101FAF9
:10A8B00002F2424503D101F00101C1F1020756EA5B
:10A8C0000A0124D1002C22DA002D18BF022F01D05A
:10A8D000012F0AD0022001F079F816B0BDEC0E8BE2
:10A8E00004B0BDE8F04D00F037BF022001F06EF873
:10A8F00000F032FF51EC100B81F0004141EC100BE5
:10A9000016B0BDEC0E8B04B0BDE8F08D18E09FEDE5
:10A91000BEAB9FEDBF8B002871D1B848804522D1D6
:10A9200005F1804010F5801008BFBAF1000F07D084
:10A93000B3450ADC002CA8BF9DED260BE0DA0DE044
:10A94000B0EE490AF0EE690ADAE7002C06DA9DED6E
:10A95000260B51EC100B81F000416FE0AE487844BB
:10A9600090ED000BCCE7D8454DD1002C48DA2EB144
:10A9700086423AD1BAF1000F42D126E0BAF1000F77
:10A9800013D0022001F022F800F01AFF8DED020B27
:10A990009DED240B8DED000B10EE900A039961F3F1
:10A9A0001E0003909DED020BAAE78DED02AB9DED1D
:10A9B000240B1AEE901A10EE900A8DED000B61F345
:10A9C0001E0003909DED020B9AE78DED028B9DED2D
:10A9D000240B18EE901A10EE900A8DED000B61F327
:10A9E0001E0003909DED020B8AE709DA9DED240B12
:10A9F00051EC190B53EC102BFEF746FE1EE020E045
:10AA00009DED240B7CE786421BDAB4F1804F0DD01C
:10AA1000A4F10050B0F1FF5013D1002D11DB9DEDDA
:10AA2000240B51EC100B01F093FC07E09DED240B7F
:10AA300053EC102B51EC100B00F0C2BC41EC100B8E
:10AA40005EE79DED240B51EC100B01F017FCBAF101
:10AA5000000FCDE90E0142D19FED710B46B3A6F177
:10AA6000E040B0F17F600CD05E4538D1002D00DAB7
:10AA7000A7B3022F0CBF01204FF0FF30FEF773FE8B
:10AA8000DCE7002D01DD002C0DDA002D01DD002CAE
:10AA90001FDB002D16DA002C14DB012F08BF9FED01
:10AAA000620B3FF42DAFB0EE4A0AF0EE6A0A27E7D8
:10AAB000022F18BF002D0CD0012F0AD1002DFFF658
:10AAC0001FAF06E0002DB8BF002C08DA012F3FF4BD
:10AAD00017AFB0EE480AF0EE680A11E71BE001205C
:10AAE00000EBE57050EA070115D0791EB0EE498AF7
:10AAF000F0EE698A084308BF9FED4D8B4E48002554
:10AB0000804570DD4D494E48884514DDB0420DDB6F
:10AB1000002C19DB2FE0012000F058FF16B0BDEC2F
:10AB20000E8B04B0BDE8F04D00F03ABEB34502DC38
:10AB3000002C09DC1FE0864202DA002C1BDA03E05D
:10AB40005E452BDD002C16DD022000F03FFF00F0FB
:10AB500037FE8DED020B53EC1A2B51EC180BFEF760
:10AB600021FDCDE900010399019861F31E000390D6
:10AB70009DED020BC4E6022000F028FF00F030FE3D
:10AB800010EE901A18EE900A8DED020B8DED008BF1
:10AB900061F31E0003909DED020BB1E69DED0E0BDF
:10ABA00053EC192B51EC100BFEF7F6FC9FED260B26
:10ABB000CDE9080153EC102B9DED080B51EC100B67
:10ABC000FEF7F0FC9FED221B53EC112BFEF7E7FC88
:10ABD0009DED081B53EC112BFEF7E4FC9FED1E1BB3
:10ABE00053EC112B3CE08CE0FFFF1F00FFFF0F0038
:10ABF000000000000000F03F0000F03F0000F07F88
:10AC00000000404301FCFFFF000000000000F07F57
:10AC10000000000000000000F63E00000000000000
:10AC20000000000000000080000000000000F0FFB5
:10AC3000000000000000F0BF0000E0410000F04311
:10AC4000FFFFEF3F00000000000000000000D03FC9
:10AC5000555555555555D53F000000000000E03FC3
:10AC6000FEF79DFC9DED080B41EC1A0B53EC102BED
:10AC700051EC100BFEF796FC53EC1A2BFEF792FCEE
:10AC800041EC1A0B9FEDFE0B53EC102B9DED080BC6
:10AC900051EC100BFEF786FC41EC1B0B9FEDFA0B01
:10ACA00051EC1A0B53EC102BFEF77CFC41EC1A0B09
:10ACB0009FEDF70B53EC102B9DED080B51EC100B97
:10ACC000FEF770FC53EC1A2BFEF766FC41EC1A0BF6
:10ACD00051EC1B0B53EC1A2BFEF7BDFB0690CDE994
:10ACE00006519DED060B53EC1B2B51EC100BFEF7A0
:10ACF00053FC53EC1A2BFEF752FC41EC100B00F006
:10AD0000A1B90020B6F5801F0EDA9FEDE30B53ECDE
:10AD1000102B9DED0E0B51EC100BFEF743FCCDE913
:10AD20000E016FF034000E4600EB2650A0F2FF3704
:10AD3000C6F31300DA4940F07F6646F04056884279
:10AD4000D8BF002408DDD7498142C8BF012403DCF5
:10AD50000024A6F580167F1CD348784400EBC4007D
:10AD60000F9690ED00CB9DED0E0B53EC1C2B51EC90
:10AD7000100BFEF711FC9DED0E0B41EC1B0B53EC81
:10AD80001C2B51EC100BFEF766FB41EC100B51EC49
:10AD9000190B53EC102BFEF777FC41EC1D0B51EC1B
:10ADA0001B0B53EC1D2BFEF7FDFB41EC1A0BBF48B0
:10ADB0008DED10AB7844109590ED000B4FF00050E6
:10ADC00040EA660000EB84408DED080B00F50020A2
:10ADD00009909DED080B53EC1C2B51EC100BFEF76A
:10ADE000DBFB9DED0E1B53EC112BFEF7D8FB41EC6A
:10ADF000100B53EC102B9DED100B51EC100BFEF7CC
:10AE0000D1FB9DED080B41EC1C0B53EC102B9DED81
:10AE1000100B51EC100BFEF7C5FB53EC1B2BFEF790
:10AE2000BEFB53EC1C2BFEF7B7FB53EC1D2BFEF7C0
:10AE3000B9FB41EC1C0B53EC1A2B51EC1A0BFEF72F
:10AE4000B1FB41EC1B0B9A480621B0EE4B0AF0EE29
:10AE50006B0A784400F002FCB0EE401AF0EE601A83
:10AE6000B0EE41DAF0EE61DA53EC1B2B51EC1B0B28
:10AE7000FEF798FB53EC1D2BFEF794FB9DED100B9A
:10AE800041EC1B0B53EC1A2B51EC100BFEF7E3FAC1
:10AE900053EC1C2BFEF786FB53EC1B2BFEF7DBFA67
:10AEA0009DED100B41EC1B0B53EC102B51EC100BD8
:10AEB000FEF778FB41EC1D0B9FED7FEB53EC1E2B57
:10AEC000FEF7C9FA53EC1B2BFEF7C5FA0890CDE943
:10AED00008519DED080B53EC1E2B51EC100BFEF7A7
:10AEE0005BFB53EC1D2BFEF757FB53EC1B2BFEF7C4
:10AEF00056FB9DED080B41EC1D0B53EC102B9DED0B
:10AF0000100B51EC100BFEF74DFB41EC1B0B53ECFF
:10AF10001A2B51EC1D0BFEF745FB9DED080B41EC88
:10AF20001A0B53EC102B51EC1C0BFEF73BFB53ECB4
:10AF30001A2BFEF790FA41EC1A0B51EC1B0B53EC59
:10AF40001A2BFEF788FA0C90CDE90C519DED0C0BF5
:10AF500053EC1B2B51EC100BFEF71EFB53EC1A2B82
:10AF6000FEF71DFB41EC1B0B9FED550B53EC102B1B
:10AF70009DED0C0B51EC100BFEF714FB41EC1A0B82
:10AF80009FED510B51EC1B0B53EC102BFEF70AFB02
:10AF900041EC1B0B9FED4E0B53EC102B9DED0C0B5E
:10AFA00051EC100BFEF7FEFA53EC1B2BFEF753FA95
:10AFB00041EC100B4848784400EBC40090ED001BB6
:10AFC00051EC100B53EC112BFEF745FA41EC1B0B27
:10AFD0003846FEF7C8FBCDE9080153EC1B2B51ECBA
:10AFE0001A0BFEF738FA41EC100B3C48784400EBA2
:10AFF000C40090ED00CB51EC100B53EC1C2BFEF772
:10B000002AFA9DED081B53EC112BFEF724FA06904B
:10B01000CDE906519DED080B53EC102B9DED060B71
:10B0200051EC100BFEF7B8FA53EC1C2BFEF7B4FAF8
:10B0300053EC1A2BFEF7B0FA53EC1B2BFEF7AFFACA
:10B0400041EC100B9DED261B53EC102B8DED001BDE
:10B0500000959DED260B51EC100BFEF7A3FA9DED2C
:10B06000000B41EC1A0B53EC102B9DED260B51EC11
:10B07000100BFEF791FA9DED061B53EC112B2FE000
:10B08000000000604715F73FFE822B654715F73F2C
:10B0900044DF5DF80BAE543E00000000000040436A
:10B0A0008E9803007AB60B00723A0000A03A0000B6
:10B0B000AA39000000000000000000000000084065
:10B0C000000000E009C7EE3FFD033ADC09C7EE3F90
:10B0D000F5015B14E02F3EBE36380000F03700006B
:10B0E000FEF760FA53EC1A2BFEF7B5F99DED060B4F
:10B0F00041EC1A0B53EC102B9DED000B51EC100B97
:10B10000FEF750FACDE90C019DED0C0B51EC1A0B3A
:10B1100053EC102BFEF79FF9CDE902010C46AA492A
:10B120008C422FDB611A084318D19DED0C0B53ECB8
:10B13000102B9DED020B51EC100BFEF72DFA41EC9C
:10B140001B0B9FEDA30B51EC1A0B53EC102BFEF7CE
:10B1500082F953EC1B2BFEF76FFB2DD2022000F07F
:10B1600035FC00F02DFB10EE901A18EE900A8DEDD4
:10B17000020B8DED008B61F31E0003909DED020B21
:10B18000FFF7BEBB944A24F00041914214D3934987
:10B19000214408437FF4EFAC9DED0C0B53EC102BD6
:10B1A0009DED020B51EC100BFEF7F6F953EC1A2B48
:10B1B000FEF742FB7FF6DFAC24F000408849894A65
:10B1C000002601EB205182422BDA481C4FF48011FB
:10B1D00021FA00F02044844AC0F30A517A44A1F2D3
:10B1E000FF3192ED000B814A8DED080BCA4020EA39
:10B1F0000202C0F3130040F48010C1F1140120FAE0
:10B2000001F60992002CB8BF76429DED080B53EC75
:10B21000102B9DED0C0B51EC100BFEF7BDF9CDE999
:10B220000C019DED0C0B51EC1A0B53EC102BFEF79F
:10B2300012F99FED6F0B0890CDE9085153EC102BDC
:10B240009DED080B51EC100BFEF7ACF941EC1B0B1C
:10B250009FED690B53EC102B9DED080B51EC100B7F
:10B26000FEF7A0F99DED0C0B41EC1C0B53EC102BE1
:10B270009DED080B51EC100BFEF78EF953EC1A2BD9
:10B28000FEF78DF99FED5E1B53EC112BFEF78AF94B
:10B2900053EC1C2BFEF7DFF841EC1A0B51EC1B0BA7
:10B2A00053EC1A2BFEF7D7F8CDE902019DED020B06
:10B2B00053EC1B2B51EC100BFEF76EF953EC1A2BD1
:10B2C000FEF76DF99DED020B41EC1A0B53EC102BC0
:10B2D00051EC100BFEF766F9CDE908014A489DEDE7
:10B2E000080B0521784400F0B9F99DED081B51ECDD
:10B2F000100B53EC112BFEF755F99DED021B53EC8F
:10B30000112BFEF74CF9CDE906019DED020B53EC34
:10B310001A2B51EC100BFEF745F953EC1A2BFEF7E4
:10B320009AF89FED3B0B41EC1A0B53EC102B9DED63
:10B33000060B51EC100BFEF72FF99DED060B41ECBF
:10B340001B0B53EC102B9DED020B51EC100BFEF779
:10B3500029F953EC1B2BFEF797F953EC1A2BFEF748
:10B360001BF99DED021B53EC112BFEF715F953EC65
:10B37000192BFEF714F9CDE9020101EB0650011576
:10B380000029C8BF039015DC9DED020B324651EC3D
:10B39000100BFEF7D1FBFEF77BFE042808BF00F080
:10B3A0001FFA32469DED020B51EC100BFEF7C4FB69
:10B3B000CDE902019DED020B51EC180B53EC102B63
:10B3C000FEF7F0F8FFF73ABB0000904000000000E5
:10B3D000FE822B654715973C00CC904000346F3FB0
:10B3E00001FCFFFF0000E03F78360000FFFF0F0088
:10B3F00000000000432EE63F396CA80C615C20BEC3
:10B40000EF39FAFE422EE63F48350000000000000A
:10B41000000000000000004000B510EE101A2DEDF5
:10B42000028B81B0524A6846B2EB410F2ED94FF0E1
:10B43000E640B0EB410F94BF00204FF0FF3000908A
:10B440000098B0EE408A00286ADB10F0010F4BD064
:10B4500068EE080A9FED471A9FED470A00EE810A41
:10B460009FED461A10F0020F00EE801AB7EE000AA8
:10B4700000EE810A02BF01B0BDEC028B00BD00BF2F
:10B4800001B0B1EE400ABDEC028B00BD3C4B21F097
:10B490000042934241D911F0004FDFED3A0A20EE0D
:10B4A000201ADFED390A19BF31EE601A71EE200A59
:10B4B00031EE201A71EE600ABDEEE01A11EE100AAC
:10B4C0009FED321A00F0030000EEC10A9FED301A22
:10B4D000009000EEC10A9FED2F1A00EEC10A9FED09
:10B4E0002E1A00EEC10AABE728EE080A9FED2B1AD0
:10B4F000DFED2B0A10F0020F40EE410A9FED291AF2
:10B5000000EE201A61EE000AB0EE480A08EE200AAA
:10B51000B6D101B0BDEC028B00BD00F097F98FE70A
:10B5200018EE100A4000B0F17F4F0DD218EE100A4D
:10B53000FEF7C6FD042808BF00F080F9B0EE480A07
:10B5400001B0BDEC028B00BD09D1012000F03EFA34
:10B5500001B0BDEC028B5DF804EB00F05FB901B007
:10B56000B0EE480ABDEC028B5DF804EB00F052B976
:10B57000B61F927EB93AB2BACA9F2A3DDDFFFFBE1E
:10B58000490E494683F9223F0000004B0000C93FA5
:10B5900000A0FD390020A2331A61342C336D4C39E0
:10B5A000DA82083CA0AA2ABE00B52DED048BB0EECD
:10B5B000409AF0EE609A83B051EC190BFEF7D3FA83
:10B5C00041EC180B18EE100A18EE901A8DED008B56
:10B5D000002818BF0120084320F00040C0F17F6020
:10B5E00000F1E040C00F14D019EE101A19EE900AC5
:10B5F0008DED009B002918BF0121084320F0004079
:10B60000C0F17F6000F1E040C00F04BF012000F0F6
:10B61000DDF9B0EE480A03B0F0EE680ABDEC048B29
:10B6200000BD10B52DED028BB1EEC08A18EE100AE8
:10B6300020F00040C0F1FF40C00F0AD010EE100A09
:10B6400020F00040C0F1FF40C00F04BF012000F017
:10B65000BDF9B0EE480ABDEC028B10BD70B50446D2
:10B660002DED028B4D1E00EBC500B0EE408AF0EED2
:10B67000608A90ED000B35F0060017D053EC182BC4
:10B6800051EC100BFDF78EFF41EC100B6D1E04EB1F
:10B69000C50090ED001B51EC100B53EC112BFDF786
:10B6A000DAFE41EC100B35F00600E7D1022D36D062
:10B6B000042D1CD0062D1CBFBDEC028B70BD53ECBD
:10B6C000182B51EC100BFDF76DFF94ED0A1B53EC9A
:10B6D000112BFDF7C0FE53EC182BFDF763FF94ED23
:10B6E000081B53EC112BFDF7B6FE41EC100B53EC8D
:10B6F000182B51EC100BFDF755FF94ED061B53EC86
:10B70000112BFDF7A8FE53EC182BFDF74BFF94ED22
:10B71000040B53EC102BFDF79EFE41EC100B53EC89
:10B72000182B51EC100BFDF73DFF94ED021B53EC71
:10B73000112BFDF790FE53EC182BFDF733FF94ED22
:10B74000001B53EC112BFDF786FEBDEC028B41EC88
:10B75000100B70BD000000009FED070B10B553ECFF
:10B76000102B9FED070B51EC100BFDF78DFF41ECFB
:10B77000100B10BD000000000000000000000000E1
:10B78000000000000000F03F10B553EC112B51EC0D
:10B79000100BFDF760FE41EC100B10BD0000000027
:10B7A0009FED050B10B553EC102B51EC100BFDF772
:10B7B0006BFF41EC100B10BD00000000000000000A
:10B7C0009FED050B10B553EC102B51EC100BFDF752
:10B7D000E9FE41EC100B10BD0000000000000070FD
:10B7E0009FED050B10B553EC102B51EC100BFDF732
:10B7F000D9FE41EC100B10BD00000000000000104D
:10B80000DFED030AB7EE001A81EE200A7047000050
:10B810000000000030EE000A70470000DFED020A71
:10B8200080EEA00A70470000000000009FED020AB1
:10B8300020EE000A70470000000000709FED020A31
:10B8400020EE000A70470000000000102DE9F00112
:10B850004FF07F42B2EB410F9FBF4FF0FF310160CD
:10B86000BDE8F00170474FF0004242EA0123C1F306
:10B87000C752783A551112F01F0C434CCCF12006F8
:10B880007C44C1F3C752A2F178024FEA621204EB82
:10B89000820254F8254008BFD2E9015612D05568FB
:10B8A00004FA0CF425FA06F73C43976805FA0CF500
:10B8B00027FA06F8D26807FA0CFCF24045EA0805B8
:10B8C0004CEA0206A4FB034CA5FB0352A6FB036350
:10B8D0001D449D4234BF012600261319334416B17E
:10B8E000934202D903E0934201D2012200E00022F8
:10B8F000624402F1200C9206DC0C42EA443200EE73
:10B90000102A5B03DFED210AF8EEC01A00EE103AB0
:10B910004FEA9C1C11F0004FB8EE400AC0F800C07E
:10B9200020EE201A00EE105ADFED190AB8EE400A98
:10B9300020EE200A71EE810A70EE800A10EE902A45
:10B9400002F500626FF30B0200EE902A70EEE11A2E
:10B9500031EEC11ADFED101A30EE411A9FED0D0ADB
:10B9600020EE800A01EE210A9FED0C1A00EE810AFA
:10B9700004BFBDE8F0017047CCF180510160BDE823
:10B98000F001B1EE400A7047DC2F000000000036E5
:10B990000000802C22AAFD29DB0FC92F0000C92F2F
:10B9A00001480068704700002401002002E008C838
:10B9B000121F08C1002AFAD170477047002001E029
:10B9C00001C1121F002AFBD1704700000149086025
:10B9D00070470000240100202DE9FF5F82B00021A4
:10B9E000DDE90430020DDDF840B0034318D044F621
:10B9F0001050A2F2FF3242431514119801281FD0B3
:10BA0000A5EB0B00401C5FEA000A4FF000064E4F0A
:10BA1000DFF83891B046504615D5CAF1000413E05E
:10BA2000119801244AA3012801D16FEA0B01029861
:10BA3000119AC0E90031C0E9024206B0BDE8F09FAA
:10BA4000CBF10000DFE704460021404A491842EBF1
:10BA50000450CDE9001012E0E00707D032463B4623
:10BA600040464946FDF79EFD8046894632463B46A4
:10BA700010461946FDF796FD06460F466410002C49
:10BA8000EAD1DDE90401DDE90023BAF1000F06DAAD
:10BA9000FDF788FD42464B46FDF784FD05E0FDF7C6
:10BAA000F3FD42464B46FDF7EFFD04460E460022ED
:10BAB000284BFDF7C1FE03D84FF0FF30014607E0E9
:10BAC0000022254B20463146FDF7C5FCFEF79CF8C9
:10BAD000102409E0002C0ADB0A220023FDF7F6FE01
:10BAE000039B30321A55641E50EA0102F2D1641CE5
:10BAF000039AC4F111031444119A012A03D00122BC
:10BB000008430DD10AE0084304D000204FF0110B88
:10BB1000119072E7A3EB0B056D1E0DE05B4504DD94
:10BB20004FF0000205F1010504E003DA4FF00002D6
:10BB3000A5F10105002AECD002981199C0E9023163
:10BB4000C0E9004579E70000000014400000F03F24
:10BB5000300000000000F0430000E03F30380A28C9
:10BB600001D2012070470020704700002DE9FF4FEF
:10BB700095B09A46884606460025EEE1252877D1FD
:10BB800000242746F94A0121039400E0044316F8F3
:10BB9000013F203B01FA03F01042F7D130782A2808
:10BBA00011D06FF02F033078A0F13002092A16D897
:10BBB000039A44F0020402EB820203EB42021044B7
:10BBC000761C0390EFE758F8042B0392002A03DA5F
:10BBD000504244F40054039044F00204761C307840
:10BBE0002E2816D116F8010F44F004042A280DD08F
:10BBF0006FF02F023078A0F13003092B09D807EB42
:10BC0000870302EB4303C718761CF3E758F8047B5D
:10BC1000761C30786C280FD006DC4C2817D06828AA
:10BC20000DD06A2814D104E0742810D07A280FD1DE
:10BC30000DE044F400140AE044F4801401E044F4FC
:10BC400040147278824202D104F58014761C761C6E
:10BC5000307866280BD013DC582877D009DC002810
:10BC600075D04528F6D04628F4D047281AD193E15C
:10BC700018E0632835D0642879D0652812D18BE18B
:10BC8000702873D008DC6728F1D069286FD06E283F
:10BC90000DD06F2806D1ACE073282CD0752874D055
:10BCA000782853D05246179990476D1C54E1C4F33D
:10BCB0000250022809D003280DD0D8F8001004281B
:10BCC0000DD00D6008F1040846E1D8F80010EA171D
:10BCD000C1E90052F6E7D8F800100D80F2E70D70C8
:10BCE000F0E718F8041B8DF8001000208DF8010013
:10BCF000EB46012003E058F804BB4FF0FF3061072A
:10BD00004FF0000102D40DE009F101018946B9426A
:10BD10000FDA8145F8DB1BF809100029F4D108E09F
:10BD200009F1010189468142FADB1BF8091000295B
:10BD3000F6D103985346A0EB090721463846179AD7
:10BD400000F080FA284400EB090507E044E008E130
:10BD50000DE01BF8010B524617999047B9F1010904
:10BD6000F7D2534621463846179AF2E039E00A21C5
:10BD7000C4F302524FF0000B0091022A06D058F88B
:10BD8000040BC117032A09D00AE023E008F10700D9
:10BD900020F00702F2E80201904605E000B2C11768
:10BDA000042A01D140B2C117002906DA0A4600214F
:10BDB000404261EB02012D2202E0220504D52B2234
:10BDC0008DF80420012203E0E20701D02022F7E7EA
:10BDD000914657E00A2100E010214FF0000B00913E
:10BDE0000BE010214FF0000B44F0040408270091F1
:10BDF00003E008204FF0000B0090C4F30252022A27
:10BE000005D058F8040B0021032A08D008E008F1F7
:10BE1000070020F00702F2E80201904603E080B23A
:10BE2000042A00D1C0B24FF0000922072AD5327887
:10BE3000702A07D0DDF800C08CF0100C5CEA0B0C07
:10BE400005D00EE040228DF80420012208E050EADF
:10BE5000010306D030238DF804308DF8052002222E
:10BE60009146009B83F0080353EA0B030AD150EA82
:10BE7000010201D1620705D530228DF804204FF070
:10BE800001097F1E3278582A04D039A20C920CAADC
:10BE900002920BE03BA2F9E75B46009AFDF716FD24
:10BEA0000C9B9B5C029A521E0292137050EA010294
:10BEB000F2D1029804A9081A00F1200B600702D5FC
:10BEC00024F4803400E001275F4502DDA7EB0B007E
:10BED00000E0002000EB0B01009003984944401A59
:10BEE0000390E00306D453462146179A039800F0C6
:10BEF000A9F90544002706E001A85246C05D17993C
:10BF000090476D1C7F1C4F45F6DBE0030CD5534674
:10BF10002146179A039800F095F9054404E0302073
:10BF20005246179990476D1C0099481E00900029B1
:10BF3000F5DC08E00298029952460078491C02910B
:10BF4000179990476D1CBBF10001ABF1010BF1DCBF
:10BF50005BE100F065F90544761C307800287FF439
:10BF60000DAE19B02846BDE8F08F00000928010089
:10BF7000303132333435363738396162636465665F
:10BF80000000000030313233343536373839414221
:10BF90004344454600000000600700D4062708F12E
:10BFA000070020F00700F0E80223804603F0004C71
:10BFB0005FEA0C0001D097A009E0200501D596A00A
:10BFC00005E0E00701D095A001E0AFF24C0013902E
:10BFD000307823F0004365280CD006DC452809D0D2
:10BFE00046281DD047287FD13BE0662818D0672817
:10BFF0007AD136E00021112F01DB112000E0781CFE
:10C00000CDE9000104A90CA8FFF7E6FCDDE90D016C
:10C010000C9A4FF0000B07F10109109200914EE0CD
:10C020004FF000400097CDE9011004A90CA8FFF7DC
:10C03000D3FCDDE90D020C9B0F994FF0000B9146EC
:10C040001093009211B9791C00EB0109B7EB0900BC
:10C0500003D4C0F1FF3B07F10109A9EB07000190F0
:10C0600042E0012F00DA01270021112F01DD11200C
:10C0700000E03846CDE9000104A90CA8FFF7ACFCAC
:10C08000DDE90D010C9A00914FF0000BB9461092BA
:10C0900021070FD4009A4A4503DA914601E0A9F13D
:10C0A0000109B9F1010F05DD109AA9F10101515CF7
:10C0B0003029F4D0B84202DA10F1040F03DA01217A
:10C0C000CDE9011010E0002803DC8344A9EB000156
:10C0D00002E0411C494500DD8946A0EB0B00401CF5
:10C0E00001904FF000400290200705D40198484588
:10C0F00002DB4FF0FF30019000208DF84B000298DA
:10C100000DF14B07B0F1004F25D002200C902B20F1
:10C110000D90029800280CDA404202902D200D90DC
:10C1200007E00A210298FDF7BBFB3031029007F8C7
:10C13000011D0C99481E0C900029F2DC0298002881
:10C14000EFD1791E0D980870307800F0200040F093
:10C15000450007F8020D11A8C01BC01D02901398DE
:10C16000007800B1012000EB0901019801EBE071BA
:10C17000029801440398401A401E0390E00306D43D
:10C1800053462146179A039800F05CF8054413982B
:10C19000007818B15246179990476D1CE00323D5DB
:10C1A00053462146179A039800F04CF805441BE0CB
:10C1B000BBF1000F07DB0098584504DD1098179974
:10C1C00010F80B0001E01799302052469047019873
:10C1D0000BF1010B401E05F10105019004D12E2049
:10C1E0005246179990476D1CB9F10001A9F1010958
:10C1F000DEDC05E017F8010B5246179990476D1CDD
:10C200000299481E02900029F4DC53462146179AF1
:10C2100003989EE62D0000002B0000002000000087
:10C220002DE9F041044600251E461746880404D433
:10C2300005E039462020B0476D1C641EF9D528461C
:10C24000BDE8F0812DE9F041044600251E469046E8
:10C25000C80301D5302700E02027880404D505E075
:10C2600041463846B0476D1C641EF9D52846BDE8E6
:10C27000F0810A68531C0B601070704782B0CDE9E2
:10C28000000121F0004001909DED000B02B051EC47
:10C29000100B704710B5002821D0114B0022001F51
:10C2A000196803E0814203D80A4649680029F9D198
:10C2B00052B11368841A9C4204D10068184410607B
:10C2C000104602E0506000E0186039B102680B1AB5
:10C2D000934203D10B681A4402604968416010BD63
:10C2E0001C010020F0B50B30154D20F00701002493
:10C2F000144A0FE003688B420BD38B4205D95E1AB8
:10C3000043184768C3E9006700E04368136002C050
:10C3100004E0021D10680028ECD12046002802D15C
:10C32000286808B10020F0BD064A07481060074A97
:10C33000121A22F00702C0E9002401202860D7E782
:10C34000200100201C010020ECA70020E8A900200B
:10C3500000B52DED048B83B041EC190BFDF703FC08
:10C3600041EC180B18EE100A18EE901A8DED008BA8
:10C37000002818BF0120084320F00040C0F17F6072
:10C3800000F1E040C00F14D019EE101A19EE900A17
:10C390008DED009B002918BF0121084320F00040CB
:10C3A000C0F17F6000F1E040C00F04BF0120FFF743
:10C3B0000DFB51EC180B03B0BDEC048B00BD00006D
:10C3C00000000000963007772C610EEEBA510999F3
:10C3D00019C46D078FF46A7035A563E9A395649E4F
:10C3E0003288DB0EA4B8DC791EE9D5E088D9D29773
:10C3F0002B4CB609BD7CB17E072DB8E7911DBF90CF
:10C400006410B71DF220B06A4871B9F3DE41BE84F2
:10C410007DD4DA1AEBE4DD6D51B5D4F4C785D3834E
:10C4200056986C13C0A86B647AF962FDECC9658AF2
:10C430004F5C0114D96C0663633D0FFAF50D088D4E
:10C44000C8206E3B5E10694CE44160D5727167A2F2
:10C45000D1E4033C47D4044BFD850DD26BB50AA54E
:10C46000FAA8B5356C98B242D6C9BBDB40F9BCAC72
:10C47000E36CD832755CDF45CF0DD6DC593DD1ABCE
:10C48000AC30D9263A00DE518051D7C81661D0BFF2
:10C49000B5F4B42123C4B3569995BACF0FA5BDB84E
:10C4A0009EB802280888055FB2D90CC624E90BB1F2
:10C4B000877C6F2F114C6858AB1D61C13D2D66B64E
:10C4C0009041DC760671DB01BC20D2982A10D5EFB2
:10C4D0008985B1711FB5B606A5E4BF9F33D4B8E80E
:10C4E000A2C9077834F9000F8EA8099618980EE1B2
:10C4F000BB0D6A7F2D3D6D08976C6491015C63E60E
:10C50000F4516B6B62616C1CD83065854E0062F231
:10C51000ED95066C7BA5011BC1F4088257C40FF58D
:10C52000C6D9B06550E9B712EAB8BE8B7C88B9FCB1
:10C53000DF1DDD62492DDA15F37CD38C654CD4FB0D
:10C540005861B24DCE51B53A7400BCA3E230BBD4B1
:10C5500041A5DF4AD795D83D6DC4D1A4FBF4D6D30D
:10C560006AE96943FCD96E34468867ADD0B860DAB1
:10C57000732D0444E51D03335F4C0AAAC97C0DDD0D
:10C580003C710550AA41022710100BBE86200CC931
:10C5900025B56857B3856F2009D466B99FE461CE8D
:10C5A0000EF9DE5E98C9D9292298D0B0B4A8D7C7B1
:10C5B000173DB359810DB42E3B5CBDB7AD6CBAC00D
:10C5C0002083B8EDB6B3BF9A0CE2B6039AD2B17429
:10C5D0003947D5EAAF77D29D1526DB048316DC7385
:10C5E000120B63E3843B64943E6A6D0DA85A6A7A29
:10C5F0000BCF0EE49DFF099327AE000AB19E077D85
:10C6000044930FF0D2A3088768F2011EFEC20669A8
:10C610005D5762F7CB67658071366C19E7066B6E04
:10C62000761BD4FEE02BD3895A7ADA10CC4ADD6728
:10C630006FDFB9F9F9EFBE8E43BEB717D58EB06084
:10C64000E8A3D6D67E93D1A1C4C2D83852F2DF4F28
:10C65000F167BBD16757BCA6DD06B53F4B36B24884
:10C66000DA2B0DD84C1B0AAFF64A0336607A044128
:10C67000C3EF60DF55DF67A8EF8E6E3179BE694684
:10C680008CB361CB1A8366BCA0D26F2536E26852A8
:10C6900095770CCC03470BBBB91602222F26055504
:10C6A000BE3BBAC5280BBDB2925AB42B046AB35C28
:10C6B000A7FFD7C231CFD0B58B9ED92C1DAEDE5B84
:10C6C000B0C2649B26F263EC9CA36A750A936D0268
:10C6D000A906099C3F360EEB8567077213570005C4
:10C6E000824ABF95147AB8E2AE2BB17B381BB60CE8
:10C6F0009B8ED2920DBED5E5B7EFDC7C21DFDB0B44
:10C70000D4D2D38642E2D4F1F8B3DD686E83DA1F67
:10C71000CD16BE815B26B9F6E177B06F7747B718C3
:10C72000E65A0888706A0FFFCA3B06665C0B011167
:10C73000FF9E658F69AE62F8D1FF6B6147CF6C16C3
:10C7400078E20AA0EED20DD75483044EC2B3033967
:10C75000612667A7F71660D04D476949DB776E3EC3
:10C760004A6AD1AEDC5AD6D9660BDF40F03BD837E7
:10C7700053AEBCA9C59EBBDE7FCFB247E9FFB53043
:10C780001CF2BDBD8AC2BACA3093B353A6A3B42467
:10C790000536D0BA9306D7CD2957DE54BF67D923C3
:10C7A0002E7A66B3B84A61C4021B685D942B6F2A67
:10C7B00037BE0BB4A18E0CC31BDF055A8DEF022DC3
:10C7C0000F0000000F000000FF0000000F0000003D
:10C7D0000F0000000F00000000000000000000003B
:10C7E0000000000000000000000004040404040431
:10C7F0000004000000140A0A00000000000000000D
:10C80000000014143F140A3F0A0A000000041E1519
:10C8100005060C14150F0400000012150D0A142C47
:10C820002A1200000000040A0A1E1515093600002D
:10C8300000020201000000000000000000201008BB
:10C840000808080808102000000204080808080862
:10C850000804020000000004150E0E15040000007C
:10C8600000000404041F0404040000000000000091
:10C87000000000000002020100000000001F000094
:10C8800000000000000000000000000000020000A6
:10C8900000100808080404020202010000000E1142
:10C8A00011111111110E000000000406040404040B
:10C8B000040E000000000E1111080402011F000008
:10C8C00000000E11100C1010110E00000000080CDA
:10C8D0000A0A091E0818000000001F01010F1010AD
:10C8E000110E000000000E09010F1111110E0000C1
:10C8F00000001F09080404040404000000000E11D5
:10C90000110E1111110E000000000E1111111E1058
:10C91000120E0000000000000400000000040000EF
:10C9200000000000000400000004040000201008C3
:10C930000402040810200000000000001F00001F77
:10C94000000000000002040810201008040200008B
:10C9500000000E11110804040004000000000E1174
:10C960001915151D011E0000000004040C0A0A1E02
:10C970001233000000000F12120E1212120F0000EC
:10C9800000001E1101010101110E000000000F1234
:10C9900012121212120F000000001F120A0E0A02D9
:10C9A000121F000000001F120A0E0A0202070000F8
:10C9B00000001C1201013911120C0000000033129A
:10C9C000121E12121233000000001F04040404049B
:10C9D000041F000000003E080808080808090700B6
:10C9E000000037120A060A0A123700000000070288
:10C9F00002020202223F000000001B1B1B1B151538
:10CA00001515000000003B1216161A1A1217000026
:10CA100000000E1111111111110E000000000F1273
:10CA2000120E02020207000000000E111111111770
:10CA3000190E180000000F12120E0A121237000011
:10CA400000001E1101060810110F000000001F1544
:10CA500004040404040E0000000033121212121227
:10CA6000120C000000003312120A0A0C0404000029
:10CA700000001515150E0A0A0A0A000000001B0A1C
:10CA80000A04040A0A1B000000001B0A0A0404042A
:10CA9000040E000000001F0908040402121F000019
:10CAA000001C04040404040404041C000002020228
:10CAB0000404080808100000000E08080808080808
:10CAC00008080E0000040A0000000000000000003A
:10CAD00000000000000000000000003F0004000013
:10CAE000000000000000000000000000000C121C0C
:10CAF000123C000000000302020E1212120E00008F
:10CB000000000000001C1202021C000000001810AF
:10CB1000101C1212123C000000000000000C121E3B
:10CB2000021C000000003804041E0404041E00005F
:10CB300000000000003C120C021E221C0000030238
:10CB4000020E121212370000000004000006040456
:10CB5000040E000000000800000C08080808080780
:10CB600000000302023A0A0E123700000000070418
:10CB700004040404041F000000000000000F151549
:10CB80001515000000000000000F121212370000FF
:10CB900000000000000C1212120C00000000000047
:10CBA000000F1212120E020700000000001C1212E9
:10CBB000121C103800000000001B060202070000D3
:10CBC00000000000001E020C101E00000000000407
:10CBD000040E04040418000000000000001B1212E0
:10CBE000123C0000000000000037120A0C04000094
:10CBF000000000000015150E0A0A000000000000E9
:10CC0000001B0A040A1B0000000000000037120A83
:10CC10000C04040300000000001E0804041E0000B1
:10CC20000018080808040808080818000808080878
:10CC30000808080808080808000604040408040492
:10CC40000404060002251800000000000000000097
:10CC500000000000000000000000000000000000D4
:10CC6000000000080808080808080000181800005C
:10CC700000486C24120000000000000000000000CA
:10CC80000000002424247F1212127F1212120000CE
:10CC90000000081C2A2A0A0C1828282A2A1C08081E
:10CCA00000000022251515152A585454542200005E
:10CCB0000000000C1212120A76252911916E000054
:10CCC0000006060403000000000000000000000051
:10CCD0000040201010080808080808101020400024
:10CCE00000020408081010101010100808040200B8
:10CCF0000000000008086B1C1C6B08080000000006
:10CD000000000000080808087F0808080800000064
:10CD10000000000000000000000000000606040300
:10CD20000000000000000000FE0000000000000005
:10CD300000000000000000000000000006060000E7
:10CD40000000804040202010100808040402020067
:10CD5000000000182442424242424242241800008D
:10CD6000000000080E08080808080808083E00002F
:10CD70000000003C4242422020100804427E000095
:10CD80000000003C4242201820404042221C00008B
:10CD9000000000203028242422227E202078000059
:10CDA0000000007E0202021A26404042221C0000BF
:10CDB000000000382402021A2642424224180000D1
:10CDC0000000007E22221010080808080808000051
:10CDD0000000003C4242422418244242423C0000EF
:10CDE000000000182442424264584040241C0000C5
:10CDF00000000000000018180000000018180000D3
:10CE00000000000000000008000000000008080406
:10CE10000000004020100804020408102040000018
:10CE20000000000000007F0000007F000000000004
:10CE30000000000204081020402010080402000036
:10CE40000000003C4242464020101000181800002C
:10CE50000000001C225A555555552D42221C000039
:10CE60000000000808181414243C224242E7000085
:10CE70000000001F2222221E22424242221F0000E6
:10CE80000000007C4242010101010142221C00001D
:10CE90000000001F2242424242424242221F000042
:10CEA0000000003F4212121E12120242423F0000D6
:10CEB0000000003F4212121E12120202020700007E
:10CEC0000000003C2222010101712122221C0000ED
:10CED000000000E7424242427E42424242E70000F6
:10CEE0000000003E0808080808080808083E00007E
:10CEF0000000007C10101010101010101010110FF6
:10CF00000000007722120A0E0A1212222277000075
:10CF1000000000070202020202020202427F000039
:10CF200000000077363636362A2A2A2A2A6B000075
:10CF3000000000E346464A4A5252526262470000ED
:10CF40000000001C2241414141414141221C00009E
:10CF50000000003F424242423E020202020700003D
:10CF60000000001C2241414141414D53321C6000F0
:10CF70000000003F4242423E1212222242C70000FD
:10CF80000000007C4242020418204042423E000061
:10CF90000000007F4908080808080808081C00006D
:10CFA000000000E74242424242424242423C00000C
:10CFB000000000E74242222424141418080800004C
:10CFC0000000006B4949494955553622222200008C
:10CFD000000000E7422424181818242442E7000027
:10CFE000000000772222141408080808081C00001A
:10CFF0000000007E2120101008040442423F00007F
:10D0000000780808080808080808080808087800D0
:10D0100000000202040408080810102020204040EC
:10D02000001E1010101010101010101010101E0004
:10D030000038440000000000000000000000000074
:10D04000000000000000000000000000000000FFE1
:10D0500000060800000000000000000000000000C2
:10D06000000000000000003C4278444242FC000006
:10D07000000000030202021A26424242261A000061
:10D0800000000000000000384402020244380000A2
:10D0900000000060404040784442424264D80000B2
:10D0A000000000000000003C427E0202423C000002
:10D0B000000000F08808087E08080808083E000004
:10D0C000000000000000007C22221C023C42423C86
:10D0D000000000030202023A4642424242E70000D8
:10D0E0000000000C0C00000E08080808083E0000B4
:10D0F0000000003030000038202020202020221E98
:10D100000000000302020272120A161222770000C7
:10D110000000000E0808080808080808083E00007B
:10D12000000000000000007F9292929292B70000EF
:10D13000000000000000003B4642424242E700007F
:10D14000000000000000003C42424242423C00001D
:10D15000000000000000001B26424242221E02077F
:10D16000000000000000007844424242447840E061
:10D1700000000000000000774C040404041F0000BD
:10D18000000000000000007C42023C40423E0000E3
:10D19000000000000008083E0808080808300000E9
:10D1A00000000000000000634242424262DC0000D6
:10D1B00000000000000000E74224241408080000DA
:10D1C00000000000000000EB4949555522220000F4
:10D1D000000000000000007624181818246E0000DB
:10D1E00000000000000000E742242414180808078B
:10D1F000000000000000007E22100808447E0000AD
:10D2000000C0202020202010202020202020C0002E
:10D21000101010101010101010101010101010100E
:10D22000000608080808081008080808080806008A
:10D230000C32C200000000000000000000000000EE
:10D2400000000000000000000000000000000000DE
:10D2500000000000000000000000000000000000CE
:10D2600000000000000000000000000000000000BE
:10D270000000000000000000E000E000E000E0002E
:10D28000E00040004000400040004000400000003E
:10D2900000000000E000E000E000000000000000EE
:10D2A000000000006006600630039801880044001A
:10D2B000000000000000000000000000000000006E
:10D2C000000000000000000000000000000000005E
:10D2D0000000000000000000000008020802080230
:10D2E0000802FE07FE070802080204010401FE0707
:10D2F000FE07040104010401040100000000000015
:10D3000000000000000040004000F00158034C0302
:10D310004C034C0058007000E000C001C001400305
:10D320004C034C034C034801F00040004000000057
:10D33000000000000000000000000E030A011101BF
:10D3400091009100D1005100FA03AE026004500434
:10D3500050045804480488028403000000000000C0
:10D3600000000000000000000000380064006400BD
:10D3700064006400A4031C010C011A019200B300B4
:10D38000E3006300C300A6041C03000000000000CB
:10D39000000000000C001C00100010000800060037
:10D3A000000000000000000000000000000000007D
:10D3B000000000000000000000000000000000006D
:10D3C0000000000000040002000180018000C00095
:10D3D000C0006000600060006000600060006000ED
:10D3E000C000C000800080010001000200040000B5
:10D3F00000000000020004000800180010003000C7
:10D40000300060006000600060006000600060004C
:10D410003000300010001800080004000200000076
:10D42000000000000000000000000000400040007C
:10D4300040004E0E5C07F001F0015C074E0E40000C
:10D44000400040000000000000000000000000005C
:10D45000000000000000000000000000000040008C
:10D460004000400040004000FE0F400040004000EF
:10D47000400040000000000000000000000000002C
:10D48000000000000000000000000000000000009C
:10D49000000000000000000000000000000000008C
:10D4A000000000000C001C00100010000800060026
:10D4B000000000000000000000000000000000006C
:10D4C0000000000000000000FE0700000000000057
:10D4D000000000000000000000000000000000004C
:10D4E000000000000000000000000000000000003C
:10D4F000000000000000000000000000000000002C
:10D50000000000001C001C001C00000000000000C7
:10D5100000000000000400060002000300010001FA
:10D5200080008000400040006000200020001000CB
:10D530001000080008000C000400060002000000B3
:10D5400000000000000000000000F00098010C0343
:10D550000C03060606060606060606060606060668
:10D5600006060C030C039801F00000000000000008
:10D5700000000000000000000000400060007C008F
:10D58000600060006000600060006000600060009B
:10D590006000600060006000FC030000000000000C
:10D5A00000000000000000000000F80084010203F9
:10D5B00006030603000380018001C0002000100064
:10D5C000080204020202FE03FE0300000000000045
:10D5D000000000000000000000007800C400860188
:10D5E000860186018001C0007000800100010003F7
:10D5F0000603060306038401F80000000000000093
:10D60000000000000000000000018001C001C00116
:10D61000A001900190018801840184018201FE072C
:10D620008001800180018001E0070000000000000F
:10D6300000000000000000000000FC03FC030400E8
:10D64000040004000400F4008C0104030003000340
:10D650000603060382018401F800000000000000B8
:10D6600000000000000000000000E00118030C03AF
:10D670000C0004000600E60116030E060606060668
:10D68000060604060C021803F0000000000000006B
:10D6900000000000000000000000F807FC070C027A
:10D6A00004010401000180008000400040004000AF
:10D6B000600060006000600060000000000000008A
:10D6C00000000000000000000000F8010C03060646
:10D6D000060606060E023C03F000CC010403060613
:10D6E0000606060606060C03F00100000000000016
:10D6F00000000000000000000000F0000C010C031E
:10D70000060206060606060606078C0678060006CA
:10D71000000300030C018C017800000000000000F1
:10D7200000000000000000000000000000000000F9
:10D730000000E000E000E000000000000000000049
:10D7400000000000E000E000E00000000000000039
:10D7500000000000000000000000000000000000C9
:10D7600000000000600060000000000000000000F9
:10D770000000000000006000600040002000000089
:10D780000000000000000000000400020001800012
:10D7900040002000100008000400080010002000D5
:10D7A00040008000000100020004000000000000B2
:10D7B0000000000000000000000000000000000069
:10D7C00000000000FE070000000000000000FE074F
:10D7D0000000000000000000000000000000000049
:10D7E00000000000000000000400080010002000FD
:10D7F00040008000000100020004000200018000DF
:10D80000400020001000080004000000000000009C
:10D810000000000000000000F0010C0302060206F8
:10D82000060606060003800160002000200020009C
:10D830000000000070007000700000000000000098
:10D8400000000000000000000000E00138060804AD
:10D85000CC0A640B260926091609160996099605AD
:10D8600066030C080C041802E00100000000000030
:10D870000000000000000000000060006000700078
:10D88000D000D000C800880188018801F801040395
:10D8900004030403040606060F0F00000000000046
:10D8A00000000000000000000000FF0086010603E9
:10D8B0000603060306038601FE00060306020606AB
:10D8C0000606060606060603FF010000000000002B
:10D8D00000000000000000000000E00718060C0433
:10D8E0000C04040006000600060006000600060000
:10D8F00006040C040C021801F000000000000000F7
:10D90000000000000000000000007F008601060308
:10D9100006030606060606060606060606060606AA
:10D92000060606030603C6017F0000000000000093
:10D9300000000000000000000000FF0306020604D3
:10D940000600060086008600FE00860086000600AF
:10D950000600060406040602FF03000000000000A3
:10D9600000000000000000000000FF0306030604A2
:10D970000604060086008600FE008600860006007B
:10D9800006000600060006000F0000000000000070
:10D9900000000000000000000000F00218030C026C
:10D9A0000C0204000600060006000600C60F06036F
:10D9B00006030C030C031803F00000000000000035
:10D9C000000000000000000000000F0F0606060621
:10D9D0000606060606060606FE07060606060606EE
:10D9E00006060606060606060F0F000000000000E9
:10D9F00000000000000000000000FC036000600068
:10DA00006000600060006000600060006000600016
:10DA10006000600060006000FC0300000000000087
:10DA200000000000000000000000F00F80018001F5
:10DA300080018001800180018001800180018001DE
:10DA4000800180018001800180018601C6007C0088
:10DA500000000000000000000000CF070601860063
:10DA600046004600260036003E006E00E600C60076
:10DA7000C6018601060306078F0F000000000000A4
:10DA8000000000000000000000000F00060006007B
:10DA90000600060006000600060006000600060056
:10DAA0000600060406040602FF0300000000000052
:10DAB000000000000000000000000F0F0E070E071E
:10DAC0000E079A069A069A069A065A067206720671
:10DAD0007206720622062206270F000000000000D0
:10DAE00000000000000000000000070E0E040E04FD
:10DAF0001A041A04320462046204C204C2048205D5
:10DB000002070207020602060704000000000000E8
:10DB100000000000000000000000F00098010C036D
:10DB20000C02060606060606060606060606060693
:10DB300006060C020C039801F00000000000000033
:10DB400000000000000000000000FF0106030606C0
:10DB500006060606060606060603FE010600060081
:10DB600006000600060006000F000000000000008E
:10DB700000000000000000000000F00098010C030D
:10DB80000C02060606060606060606060606060633
:10DB900076064C028C038801F00180070003000028
:10DBA00000000000000000000000FF010603060660
:10DBB0000606060606060603FE006600C600C60048
:10DBC00086018601060306030F0E00000000000018
:10DBD00000000000000000000000F8040C0706042C
:10DBE000060406000E003C00F000C003000300061F
:10DBF0000206020606060E03F20100000000000005
:10DC000000000000000000000000FE076204610840
:10DC100061086000600060006000600060006000FB
:10DC20006000600060006000F00000000000000084
:10DC3000000000000000000000000F0E06040604B3
:10DC40000604060406040604060406040604060484
:10DC50000604060406040C02F8010000000000009F
:10DC6000000000000000000000001F0F0E060C0264
:10DC70000C020C020C011801180118011801B00067
:10DC8000B000B000F0006000600000000000000084
:10DC900000000000000000000000EF0E66046604B3
:10DCA00066026602E602EC02EC02DC01DC01DC0149
:10DCB000DC019C0188008800880000000000000052
:10DCC000000000000000000000009E070C03180187
:10DCD00018019800B000700060006000E000D00003
:10DCE000D001980188010C039E070000000000008D
:10DCF000000000000000000000001F0F0E060C02D4
:10DD00000C0118011801B000B00070006000600044
:10DD10006000600060006000F8010000000000008A
:10DD200000000000000000000000FC070403820364
:10DD30008001C001C000C000600060003000300001
:10DD4000180018041C040C02FE0300000000000070
:10DD500000000000E007200020002000200020003C
:10DD600020002000200020002000200020002000B3
:10DD7000200020002000200020002000E0070000FC
:10DD80000000000000000000040008000800080077
:10DD90001000100020002000200040004000800003
:10DDA0008000800000010001000200020002000467
:10DDB00000000000FC0080008000800080008000E7
:10DDC0008000800080008000800080008000800053
:10DDD000800080008000800080008000FC00000047
:10DDE00000000000E000B001080200000000000098
:10DDF0000000000000000000000000000000000023
:10DE00000000000000000000000000000000000012
:10DE10000000000000000000000000000000000002
:10DE200000000000000000000000000000000000F2
:10DE30000000000000000000000000000000FF0FD4
:10DE4000000000001800600000000000000000005A
:10DE500000000000000000000000000000000000C2
:10DE600000000000000000000000000000000000B2
:10DE700000000000000000000000000000000000A2
:10DE800000000000F0010C030C03E00338030C0356
:10DE90000603060306038E0B7C0F00000000000043
:10DEA000000000000000000008000E000C000C0044
:10DEB0000C000C00CC013C031C060C060C060C06E6
:10DEC0000C060C060C021C03F4010000000000000C
:10DED0000000000000000000000000000000000042
:10DEE00000000000F0008C018C0186010600060095
:10DEF000060006020C020C01F00000000000000009
:10DF00000000000000000000000280030003000386
:10DF10000003000378038C030C03060306030603C7
:10DF20000603060304038C077801000000000000CC
:10DF300000000000000000000000000000000000E1
:10DF400000000000E001180308060C06FC070C00A6
:10DF50000C000C0018043802E00100000000000072
:10DF600000000000000000000000C0036006300652
:10DF700030003000FE033000300030003000300050
:10DF80003000300030003000FC01000000000000D4
:10DF90000000000000000000000000000000000081
:10DFA00000000000F00E98090C030C030C0398010C
:10DFB000F8000C007C00F803060606060E07F801C0
:10DFC000000000000000000008000E000C000C0023
:10DFD0000C000C00EC011C030C030C030C030C03E1
:10DFE0000C030C030C030C039E0700000000000050
:10DFF0000000000000000000000060006000000061
:10E00000000000007C0060006000600060006000B4
:10E010006000600060006000FC0300000000000081
:10E0200000000000000000000000800180010000EE
:10E0300000000000F001800180018001800180016A
:10E04000800180018001800180018001CC007C0082
:10E05000000000000000000008000E000C000C0092
:10E060000C000C00CC038C00CC004C006C007C003D
:10E07000DC00CC008C018C019E0700000000000039
:10E08000000000000000000040007C006000600014
:10E090006000600060006000600060006000600080
:10E0A0006000600060006000FC03000000000000F1
:10E0B0000000000000000000000000000000000060
:10E0C000000000007707EE0666066606660666062E
:10E0D0006606660666066606EF0E00000000000093
:10E0E0000000000000000000000000000000000030
:10E0F00000000000CE013C030C030C030C030C03D6
:10E100000C030C030C030C039E070000000000002E
:10E1100000000000000000000000000000000000FF
:10E1200000000000F00098010C0306060606060633
:10E13000060606060C030C03F000000000000000B9
:10E1400000000000000000000000000000000000CF
:10E1500000000000EE011C030C060C060C060C0669
:10E160000C060C060C031C03EC010C000C003E001A
:10E17000000000000000000000000000000000009F
:10E180000000000078028C030C030603060306035C
:10E190000603060304038C03780300030003C0078F
:10E1A000000000000000000000000000000000006F
:10E1B000000000009F0758063800180018001800DB
:10E1C0001800180018001800FF00000000000000F0
:10E1D000000000000000000000000000000000003F
:10E1E00000000000F00718060C040C003800F001D5
:10E1F0008003040604060C03FC010000000000007C
:10E2000000000000000000000000000020002000CE
:10E2100030003000FE0130003000300030003000AF
:10E220003000300030023002E00100000000000049
:10E2300000000000000000000000000000000000DE
:10E24000000008028E030C030C030C030C030C03E8
:10E250000C030C030C039C07780100000000000075
:10E2600000000000000000000000000000000000AE
:10E27000000000003E0F1C06180218023001300199
:10E280003001E000E000E00040000000000000007D
:10E29000000000000000000000000000000000007E
:10E2A00000000000EF0DC604C604E604EC04AC0355
:10E2B0009C039C039C03080108010000000000006F
:10E2C000000000000000000000000000000000004E
:10E2D00000000000BE0718019801B0007000600047
:10E2E000E000D00098018803DE0700000000000075
:10E2F000000000000000000000000000000000001E
:10E3000000000000BE071C0118011801B000B00099
:10E31000B0006000600040002000200014001C00DD
:10E3200000000000000000000000000000000000ED
:10E3300000000000FC038401C401C000E000600094
:10E340007000300438041806FC03000000000000D0
:10E350000000000000038001800080008000800039
:10E36000800080008000C0002000C000800080008D
:10E370008000800080008000800080010003000099
:10E38000400040004000400040004000400040008D
:10E39000400040004000400040004000400040007D
:10E3A000400040004000400040004000400040006D
:10E3B000000000000C0018001000100010001000F9
:10E3C000100010001000300040003000100010005D
:10E3D0001000100010001000100018000C000000C9
:10E3E00000001C0024004208820400070000000016
:10E3F000000000000000000000000000000000001D
:10E40000000000000000000000000000000000000C
:10E410006400C8002C019001F4015802BC022003E2
:10E420008403E8034C04B00414057805DC054006B9
:10E43000A40608076C07D00734089808FC08600990
:10E44000C409280A8C0AF00A540BB80B0A000B0006
:10E450000C000D000E000F00100011001200130040
:10E460001400A003BB03CC03DC03EB03FE03060490
:10E47000160426043204390454036E037D03910309
:10E48000A003B903BE03CB03D703E603F2034203A1
:10E490005B036E03810390039B03AE03BC03C803BD
:10E4A000D103DE0344035D037003820391039D03E4
:10E4B000AF03BD03CA03D603DE0356037003810313
:10E4C0009403A303B003C103CF03DA03EB03F20306
:10E4D000610379038B03A603B503C203D303E103EE
:10E4E000E503F303000476038E039F03B003BF0329
:10E4F000CC03DD03EB03F903070414048003970343
:10E50000A903B803C703D503E503F303020410040A
:10E510001C049203A903B903C903D803E603F60355
:10E520000404130421042D04A403BB03CA03D90368
:10E53000E803F70306041504240432043D04B2037F
:10E54000C903D903E903F8030704160424043204B9
:10E5500040044B04C103D703E803F903090418047A
:10E560002604340441044E045904CF03E503F803A0
:10E57000090419042804370444044F045C046804A3
:10E58000DE03F303070419042A043904470454047E
:10E590005E046A047604ED030104170429043B04B5
:10E5A0004A04580464046D0478048504F6030A04DC
:10E5B000200432044404530461046D04760481048D
:10E5C0008E04050419042F044204540463047004E7
:10E5D0007C04850490049D04120426043B044F042B
:10E5E00061046F047C04880492049D04AA041D0441
:10E5F000310446045A046D047B0488049504A10484
:10E60000AE04BB042C044004550468047704800461
:10E6100092049F04AB04B804C50438044C0460049D
:10E620007304830492049D04A804BC04C304D004AE
:10E63000430457046B047C0490049C04A804B204B3
:10E64000C804CF04DC044E046204760488049C04ED
:10E65000A804B204BF04D304DF04E70459046D0422
:10E6600080049304A404B004BA04C904E004E704D9
:10E67000F2046104750488049B04B004BB04CD0457
:10E68000D104E904F004FA046C0480049304A704A0
:10E69000BA04C604D004DC04F104FC0406057804C2
:10E6A0008C049E04B804CB04D704E104EC04FC04FD
:10E6B0000405110583049704A904C304D704E204E4
:10E6C000EC04F704030510051D058D04A104B30433
:10E6D000CE04E204ED04F60401050D051A05270534
:10E6E0008D04A604B704D304E704ED04FB04060577
:10E6F00012051F052C050000000080BF000080BF30
:10E70000000080BF0000803F00000000000000000B
:10E710000000803F00000000000000000000803F7B
:10E720000030983F0000B53F0040D73F0000000098
:10E73000320A7E397F661E395B991F390000803F9F
:10E74000F037983FF304B53FFD44D73F0000000089
:10E750000080513D0070C63D00900D3E0050343E9B
:10E7600000E0573E00D0783E00C08B3E0000000025
:10E770000AD6A936431C8C37658F7338832DA23691
:10E78000121D1F38B3756F38D2535A38000000007D
:10E790000030F13D0070643E0000A33E0090CF3E8B
:10E7A0000090F83E00400F3F00E0203F00000000D6
:10E7B00015B78337CDE37B380EE1C53860F6913865
:10E7C000AF5F0F38E1BC3E3823F44739000000004A
:10E7D000000000000000F03F000000000000F83FD3
:10E7E00000000000000000000000004003B8E23F0D
:10E7F000000000000000000006D0CF43EBFD4C3EBF
:10E80000033333333333E33FFFAB6FDBB66DDB3FB3
:10E810004D268F515555D53F01411DA96074D13FFB
:10E8200065DBC9934A86CD3FEF4E454A287ECA3FF5
:10E830003E5555555555C53F93BDBE166CC166BF77
:10E840002CDE25AF6A56113FF16BD2C541BDBBBE70
:10E85000D0A4BE726937663E0000000000000000D0
:10E86000000000006E83F9A22915444ED15727FC01
:10E87000C0DD34F5999562DB4190433CAB6351FEBA
:10E88000DDDDDDDDDCBBBBDDDDDDDDDDDDDDDDDDFD
:10E89000988888888888888877777777778888883D
:10E8A00085555556666666666666666666688888D5
:10E8B0008333333222222222222222222228888DCE
:10E8C000200000002D0000002E000000300000009D
:10E8D000310000003200000033000000340000006E
:10E8E000350000003600000037000000380000004E
:10E8F00039000000430000004F4B00001CE90008F5
:10E900000000002028010000ACB9000844EA00081B
:10E9100028010020C0AC0000BCB9000800000000C5
:10E9200000000000000000000000000000000000E7
:10E93000007A030A00000000000000000102030446
:10E940000607080900000000010203040102030495
:10E950000607080900000000ACC52737ACC5A7377B
:10E9600062BEBCB80000FFFF000000000000000015
:10E970000000000000000000000000000000000097
:10E980000000000004194B7DAF7D4173A5D7912D88
:10E990005F91C3870000000100000000000000003C
:10E9A000E8E80008ECE80008F0E80008F4E80008EF
:10E9B000DCE80008E0E80008E4E80008C4E8000833
:10E9C000D0E80008D4E80008D8E80008C8E8000843
:10E9D000CCE80008F8E80008C0E80008C0E8000833
:10E9E000000000000000000000000000D0900000C7
:10E9F000DA9F883D3ABABA3DF5FFEEFF000000000D
:10EA00000000000000000000000000000000000006
:10EA10000000000001000000000000000000803F36
:10EA200000000000000000000000803F0000000027
:10EA300000000000000000000000000000000000D6
:04EA400000000000D2
:040000050800018965
:00000001FF
